"LSAT"|"UGPA"|"female"|"male"|"white"|"nonwhite"|"U"
"2"|36|3|1|0|1|0|0.576901384859805
"14"|35|2.9|0|1|1|0|0.578568963614685
"33"|32|3.4|0|1|1|0|-0.204209456917315
"51"|36|3.4|1|0|1|0|-0.102605601791796
"57"|33|3.3|1|0|1|0|0.0951608905175294
"78"|34|2.8|1|0|1|0|0.946965529536029
"96"|42|3.3|1|0|1|0|-0.0335959123905754
"122"|45|3.3|1|0|1|0|-0.0806105596574834
"155"|40|3.2|0|1|1|0|0.00412293809234035
"159"|38|3.4|1|0|1|0|-0.141039154536921
"164"|37|3.7|0|1|1|0|-0.785657197488472
"166"|31|3.4|1|0|0|1|-0.475934852616021
"172"|29|3.5|0|1|1|0|-0.338731310098772
"174"|39|3.8|0|1|1|0|-0.996209709760435
"183"|32|3.7|1|0|0|1|-1.01070444240712
"188"|33|3|0|1|1|0|0.433797813796326
"200"|30|3|1|0|1|0|0.645546936422486
"209"|29|3.4|1|0|1|0|0.0216782493372344
"215"|38|3|1|0|1|0|0.555188056351169
"217"|34|2.6|0|1|1|0|1.09352151386616
"224"|33|3.2|1|0|1|0|0.281054658083822
"225"|37|2.9|1|0|1|0|0.72925105374014
"228"|34|2.7|0|1|1|0|0.93788754947714
"233"|34|2.9|0|1|1|0|0.602574599406337
"238"|35|3.7|1|0|1|0|-0.602939896192972
"253"|40|3.2|0|1|1|0|-0.0256641182200897
"258"|36|3.1|0|1|1|0|0.222111812389904
"262"|36|3.9|1|0|1|0|-0.935543701064241
"274"|36|2.9|0|1|1|0|0.54218346961024
"276"|48|2.3|1|0|1|0|1.55566825483947
"277"|37|3.1|1|0|1|0|0.381517042211325
"291"|38|3.3|0|1|1|0|-0.156947669168928
"309"|40|2|0|1|1|0|1.99784403468407
"342"|37|3.4|1|0|1|0|-0.120707231144514
"356"|33|3.8|0|1|1|0|-0.900386481033121
"357"|36|2.3|0|1|1|0|1.55139886398358
"359"|30|2.9|1|0|1|0|0.828574227449837
"383"|38|3|1|0|1|0|0.549578589858122
"408"|27|3.3|0|1|0|1|-0.423298557421756
"411"|28|3.7|0|1|1|0|-0.660884561332654
"441"|28|3.5|0|1|0|1|-0.772327852281382
"468"|43|3.3|1|0|1|0|-0.0235319877290386
"473"|38|3.4|1|0|1|0|-0.126158962885658
"499"|46|3.3|1|0|1|0|-0.07098370874699
"500"|32|3.3|0|1|1|0|-0.0487641943490316
"518"|42|2.5|0|1|0|1|0.66104691860658
"519"|37|3|0|1|1|0|0.377164465703114
"531"|29|3.2|1|0|1|0|0.352157413022569
"538"|41|2.8|1|0|1|0|0.832002607327138
"542"|38|2.7|0|1|1|0|0.877982705380108
"543"|38|2.6|0|1|1|0|1.03230813196782
"546"|46|2.7|1|0|1|0|0.903658281940911
"548"|33|2.1|0|1|1|0|1.94752939759183
"552"|35|2.9|1|0|1|0|0.747709585133224
"556"|31|3.9|1|0|1|0|-0.852768429724304
"584"|31|2.9|1|0|0|1|0.341560859619347
"593"|34|3.3|1|0|0|1|-0.369450874230574
"609"|28|3.9|0|1|1|0|-0.980728745233547
"611"|26|2.8|1|0|0|1|0.590135575833776
"642"|39|3.4|1|0|0|1|-0.606079802462447
"646"|28|3|1|0|0|1|0.216791738092395
"647"|35|2.7|1|0|0|1|0.645391801665143
"650"|30|3.3|0|1|0|1|-0.472666478103819
"668"|32|3.2|1|0|0|1|-0.153359699675081
"672"|46|4|1|0|1|0|-1.24299485779593
"678"|41|3.2|0|1|1|0|-0.02056628100288
"682"|45|3.4|0|1|1|0|-0.40796314227525
"683"|45|3.6|0|1|1|0|-0.745875641681769
"688"|46|3.6|0|1|1|0|-0.776499670243716
"694"|41|3.5|0|1|1|0|-0.529331263009139
"700"|45|3.7|1|0|1|0|-0.767474132991399
"715"|34|3.7|1|0|0|1|-1.02212724810053
"720"|46|3.6|1|0|1|0|-0.587049813724301
"722"|48|3.1|0|1|0|1|-0.417569888204219
"748"|42|3.5|0|1|1|0|-0.536157335451841
"754"|44|3.7|1|0|1|0|-0.689722429058283
"755"|41|3.3|0|1|1|0|-0.20895188973282
"757"|48|3.4|1|0|1|0|-0.263924702077339
"761"|35|3.5|1|0|1|0|-0.234684593283581
"767"|31|3.4|1|0|0|1|-0.481952398666006
"774"|38|3.4|0|1|1|0|-0.276931053622752
"776"|40|3.7|1|0|1|0|-0.672006275332879
"813"|39|2.4|1|0|1|0|1.5482310145607
"847"|28|3.3|0|1|1|0|0.00907649981822627
"854"|38|3.3|0|1|1|0|-0.154510237448141
"868"|43|2.7|0|1|1|0|0.749140225189672
"870"|38|3.3|0|1|1|0|-0.133287063974891
"889"|34|3.7|0|1|1|0|-0.739560989810606
"902"|32|3.1|1|0|0|1|0.0133533557964055
"904"|37|3|0|1|1|0|0.376154031909299
"911"|36|3.4|0|1|1|0|-0.296523701651788
"914"|38|3.3|0|1|1|0|-0.15061013089162
"922"|38|3.5|0|1|1|0|-0.494583753363552
"927"|32|2.5|1|0|0|1|1.01529321245029
"934"|33|3.1|1|0|1|0|0.4482940269403
"946"|35|3.2|1|0|1|0|0.227640419510027
"947"|35|3.2|0|1|0|1|-0.38513522277552
"961"|35|3.9|0|1|1|0|-1.11191319085804
"968"|36|3.2|0|1|1|0|0.0653781610716613
"978"|36|3.2|0|1|1|0|0.0571712306630004
"984"|40|2.9|0|1|1|0|0.491689798583425
"985"|39|3.5|0|1|1|0|-0.484180451864359
"994"|38|3.5|1|0|1|0|-0.264426673190055
"1010"|42|3.2|1|0|1|0|0.140601907320274
"1020"|39|3.2|0|1|1|0|0.0137264596008202
"1030"|34|3.7|1|0|1|0|-0.565815045300637
"1040"|34|3.8|0|1|1|0|-0.86739486394855
"1041"|37|3.2|1|0|1|0|0.216996271073706
"1063"|34|3.5|0|1|1|0|-0.40388190243777
"1075"|38|3.7|1|0|1|0|-0.608461972258928
"1084"|33|3.6|1|0|1|0|-0.410462181427302
"1091"|34|3.7|1|0|1|0|-0.5702576807922
"1094"|40|2.9|0|1|1|0|0.496896417774872
"1095"|36|3.7|0|1|1|0|-0.783779418314922
"1105"|42|3|0|1|1|0|0.300158694013937
"1111"|34|3.8|0|1|0|1|-1.37843305159548
"1132"|39|2.9|1|0|1|0|0.693994531281869
"1158"|32|3|0|1|0|1|0.0135832980816631
"1160"|32|2.6|1|0|0|1|0.851243902946939
"1174"|37|3.5|1|0|1|0|-0.266670528219363
"1192"|40|3.9|1|0|1|0|-0.999821852359192
"1195"|29|3.8|0|1|0|1|-1.29470312059795
"1201"|39|3.1|0|1|1|0|0.171963956595182
"1215"|37|3.4|0|1|1|0|-0.279285849501476
"1223"|36|3.6|0|1|1|0|-0.624232591500916
"1254"|41|2.8|0|1|1|0|0.643307365398812
"1257"|39|3.5|0|1|1|0|-0.48366811981506
"1258"|41|3.5|0|1|1|0|-0.532137462479791
"1266"|37|3.4|0|1|0|1|-0.743878372886376
"1297"|43|3.4|0|1|1|0|-0.412314662309146
"1299"|43|3.1|1|0|1|0|0.297465717361055
"1301"|45|3.2|0|1|1|0|-0.112597601832741
"1305"|46|3|0|1|1|0|0.234024221237148
"1307"|42|3.5|1|0|1|0|-0.342860494924585
"1311"|45|3.3|0|1|1|0|-0.241056042586582
"1324"|41|3.8|1|0|1|0|-0.837417541061346
"1340"|36|3|1|0|0|1|0.143910754593273
"1346"|38|3.7|1|0|0|1|-1.0908923520606
"1349"|39|3.4|1|0|0|1|-0.587030645429085
"1355"|28|3|0|1|0|1|0.0425811041265445
"1356"|42|3.8|0|1|1|0|-1.0444132028489
"1364"|47|2.7|0|1|1|0|0.704866239108484
"1379"|40|2.8|1|0|1|0|0.840367601257513
"1388"|36|3.8|1|0|1|0|-0.764007411745152
"1398"|34|3.1|0|1|1|0|0.253977833585285
"1410"|43|2.8|1|0|1|0|0.790783445604206
"1416"|23|2.8|0|1|1|0|0.947678716058231
"1441"|42|3|0|1|0|1|-0.13857696326115
"1537"|34|3.8|0|1|1|0|-0.921996772076643
"1544"|24|2.8|0|1|0|1|0.490312893309922
"1545"|35|3.5|0|1|1|0|-0.432755521831388
"1547"|43|3.4|1|0|1|0|-0.209987366533735
"1596"|37|3.1|1|0|1|0|0.361444226336998
"1609"|35|3.8|1|0|1|0|-0.747279464835334
"1617"|37|3.6|1|0|1|0|-0.473538977968522
"1625"|40|3.2|1|0|1|0|0.170007035193612
"1632"|37|3.4|0|1|1|0|-0.307492014069462
"1637"|35|3.6|0|1|1|0|-0.609692563948508
"1640"|34|3.5|0|1|1|0|-0.402003203811574
"1649"|39|3.4|0|1|1|0|-0.328184592267626
"1662"|39|2.8|1|0|1|0|0.872350034124798
"1663"|35|3.8|1|0|1|0|-0.76344319455438
"1667"|41|3|1|0|1|0|0.474287305056961
"1679"|35|2.9|0|1|1|0|0.5776781708426
"1680"|37|3.7|1|0|1|0|-0.596015429849365
"1684"|34|3.6|0|1|1|0|-0.581712481339854
"1685"|39|3.6|0|1|1|0|-0.651801802071779
"1711"|43|3.4|0|1|1|0|-0.396436668571818
"1714"|36|3.9|0|1|1|0|-1.11913288825475
"1716"|38|3.5|0|1|1|0|-0.500739432468414
"1718"|32|2.4|0|1|0|1|1.01424646805192
"1720"|38|2.7|0|1|0|1|0.398281393191558
"1723"|43|3.3|0|1|1|0|-0.223401963272255
"1734"|42|3.6|0|1|1|0|-0.729639898151132
"1746"|46|3|0|1|1|0|0.21816738898597
"1792"|36|3.6|0|1|1|0|-0.602073976977637
"1797"|44|2.7|0|1|1|0|0.763612656460514
"1801"|33|4|1|0|1|0|-1.03057314245205
"1809"|35|4|0|1|1|0|-1.27646882965161
"1815"|40|3.7|0|1|1|0|-0.818663388897238
"1819"|34|3.3|0|1|1|0|-0.0727764643096368
"1849"|36|3.7|1|0|1|0|-0.596284259336151
"1860"|36|3.1|1|0|1|0|0.396594564591231
"1864"|36|3.6|1|0|1|0|-0.439328628556246
"1870"|40|3.1|0|1|1|0|0.166022065993789
"1884"|36|3.5|0|1|1|0|-0.426732704286366
"1899"|37|3.5|0|1|1|0|-0.455343737016287
"1901"|34|2.8|0|1|0|1|0.298941206257775
"1922"|37|3.3|0|1|1|0|-0.104154331668157
"1925"|35|3.3|0|1|1|0|-0.109198893033679
"1926"|39|3.4|0|1|1|0|-0.312833694398821
"1927"|38|3|1|0|1|0|0.52299642917179
"1943"|40|2.4|0|1|1|0|1.31758068369526
"1946"|36|3.1|0|1|1|0|0.235321350086196
"1955"|37|3.5|1|0|1|0|-0.296615989174249
"1980"|39|2.8|0|1|1|0|0.660123159004275
"1983"|28|3.2|0|1|1|0|0.200079385882698
"1985"|36|2.1|0|1|1|0|1.90761447237738
"1998"|39|3.1|0|1|1|0|0.183139076779397
"2005"|44|3.6|1|0|1|0|-0.550542873479593
"2008"|33|3.8|1|0|1|0|-0.736173877809301
"2012"|29|3.1|1|0|1|0|0.501579750585146
"2031"|41|3.4|1|0|1|0|-0.184125761647117
"2063"|30|2.6|0|1|1|0|1.15468246158518
"2081"|25|2.7|1|0|0|1|0.763651556053212
"2097"|34|2.7|1|0|1|0|1.1084632722249
"2098"|33|2.3|1|0|1|0|1.79189196505555
"2106"|35|3.8|0|1|1|0|-0.92672487430465
"2110"|38|3.7|0|1|1|0|-0.797570418411705
"2113"|37|3.2|1|0|0|1|-0.239413657898272
"2128"|42|3.8|1|0|1|0|-0.852937588337162
"2129"|33|2.7|1|0|0|1|0.665180185614209
"2139"|39|3|1|0|1|0|0.548753915612376
"2148"|38|3.5|1|0|1|0|-0.282211660631839
"2165"|36|3.5|1|0|1|0|-0.249637361000514
"2178"|37|3.3|0|1|1|0|-0.141070691410268
"2207"|40|3.9|1|0|1|0|-0.95501398805438
"2210"|41|3.7|1|0|1|0|-0.675428227718986
"2212"|37|3.5|1|0|1|0|-0.290331319978977
"2218"|31|3.4|1|0|0|1|-0.49184349727364
"2227"|38|3.2|1|0|1|0|0.20035975387357
"2233"|40|2.9|0|1|1|0|0.496758570552491
"2255"|39|2.7|0|1|1|0|0.855810962980605
"2260"|38|3|1|0|1|0|0.543457175535834
"2276"|38|3.1|1|0|1|0|0.37072933281763
"2280"|37|2.5|1|0|1|0|1.38011631332899
"2286"|30|2.3|0|1|1|0|1.64873752057691
"2292"|33|3.3|1|0|1|0|0.121042648347015
"2296"|39|2.5|0|1|1|0|1.18794595513172
"2299"|34|3.8|1|0|1|0|-0.70793697476937
"2305"|39|2|0|1|1|0|1.99759725948113
"2310"|34|3|0|1|1|0|0.402947609193217
"2320"|35|2.8|0|1|1|0|0.748917571824614
"2344"|33|2.7|0|1|1|0|0.939163292742794
"2345"|37|2.9|0|1|1|0|0.544497046404841
"2347"|30|2.7|1|0|1|0|1.17276462518808
"2353"|43|3.6|1|0|1|0|-0.525830721434555
"2381"|44|2.6|0|1|1|0|0.932173679925361
"2388"|34|3.6|1|0|1|0|-0.409119478834278
"2392"|35|3.4|0|1|1|0|-0.257723821408091
"2402"|31|3.4|1|0|1|0|-0.00623072640006236
"2413"|38|3.6|0|1|1|0|-0.646149376941112
"2417"|39|3.9|1|0|1|0|-0.977499539231362
"2428"|40|3.4|0|1|1|0|-0.350842712678061
"2436"|39|3.6|1|0|1|0|-0.485098042628467
"2446"|33|3.5|0|1|1|0|-0.401091574717681
"2451"|39|3.3|1|0|1|0|0.00221524890217605
"2455"|32|3|0|1|1|0|0.463154579344653
"2463"|36|3.5|0|1|1|0|-0.451015128900339
"2465"|36|3.8|0|1|1|0|-0.935348043026283
"2483"|36|3|1|0|1|0|0.559305998428292
"2485"|34|2.7|0|1|1|0|0.904495579318105
"2530"|46|3|0|1|1|0|0.254280543831256
"2531"|44|3.5|0|1|1|0|-0.574469241341644
"2538"|47|3.5|0|1|1|0|-0.625979978922154
"2542"|43|3.6|0|1|0|1|-1.16668422222198
"2543"|40|3.6|1|0|1|0|-0.475738942153126
"2554"|44|3.7|0|1|1|0|-0.934635833956502
"2556"|45|3.5|0|1|1|0|-0.600725377470911
"2565"|42|3.5|1|0|1|0|-0.362625743056936
"2586"|46|3.7|0|1|1|0|-0.923037240449709
"2592"|48|3.9|0|1|1|0|-1.29048220576481
"2606"|45|3.9|1|0|1|0|-1.09260309265571
"2607"|39|3.7|1|0|1|0|-0.640685314875046
"2621"|38|2.9|0|1|1|0|0.527891735041122
"2626"|28|2.5|0|1|0|1|0.889192666399855
"2630"|34|3.1|1|0|1|0|0.432139903844032
"2634"|35|2.5|0|1|1|0|1.22020314146391
"2647"|28|2.5|1|0|0|1|1.09050039810154
"2651"|41|3.4|0|1|1|0|-0.33689115480173
"2672"|37|3.2|0|1|1|0|0.0504548552392938
"2684"|40|2.9|0|1|1|0|0.460452013467556
"2688"|45|2.9|0|1|1|0|0.420686296920094
"2691"|30|3.4|1|0|1|0|0.0169471347987973
"2701"|40|2.9|0|1|0|1|0.0311372334422532
"2710"|37|3.5|0|1|1|0|-0.480854882171263
"2711"|38|2.7|0|1|1|0|0.867221388789002
"2714"|40|2.6|1|0|1|0|1.18336687056501
"2723"|42|3.1|0|1|1|0|0.129511669560433
"2724"|38|2.9|0|1|1|0|0.525606513589711
"2739"|37|3.7|0|1|1|0|-0.802951441682552
"2745"|40|2.9|0|1|1|0|0.516052656571733
"2749"|36|4|1|0|1|0|-1.09296257384478
"2755"|44|3.5|1|0|1|0|-0.410423003937422
"2764"|26|3.3|0|1|0|1|-0.413037310713897
"2796"|38|3.5|1|0|1|0|-0.289790178977717
"2798"|41|2.7|1|0|1|0|1.00248697154452
"2810"|37|3.8|1|0|1|0|-0.783921856691474
"2820"|44|3.7|1|0|1|0|-0.730611147459161
"2842"|30|3.3|1|0|0|1|-0.331455659330814
"2851"|41|3.2|1|0|1|0|0.173381041415059
"2865"|43|3.2|0|1|1|0|-0.0388520193486726
"2876"|41|3.9|1|0|1|0|-1.01393452214785
"2877"|30|2.6|0|1|0|1|0.690768623826201
"2878"|40|3.2|0|1|1|0|0.0108784828284037
"2890"|43|3.4|1|0|1|0|-0.217202515606166
"2892"|36|3.7|0|1|1|0|-0.767117925924548
"2894"|42|3.1|0|1|1|0|0.126839441203721
"2896"|39|3.2|1|0|1|0|0.201848620781077
"2899"|31|2.6|0|1|0|1|0.667364866510935
"2901"|40|2.6|1|0|1|0|1.15457077676352
"2910"|45|3|0|1|1|0|0.262585873245084
"2924"|48|2.8|0|1|1|0|0.515574629634753
"2931"|47|3.7|1|0|1|0|-0.769584349173012
"2947"|42|3.8|1|0|0|1|-1.33102567135254
"2966"|37|3.7|0|1|1|0|-0.816882357781258
"2968"|45|3.6|1|0|1|0|-0.607776593582071
"2969"|43|3|1|0|1|0|0.46007783904609
"2999"|42|3.8|1|0|1|0|-0.878240364999817
"3008"|41|3.6|0|1|1|0|-0.696687930105278
"3013"|43|3.5|1|0|1|0|-0.408759650173706
"3035"|44|3.5|0|1|1|0|-0.572163816944161
"3046"|41|2.5|0|1|1|0|1.12692181583896
"3050"|39|3|0|1|1|0|0.318326084291827
"3060"|33|3.3|0|1|1|0|-0.0549072338423966
"3068"|34|3.1|0|1|1|0|0.250110126997883
"3069"|40|3.7|0|1|1|0|-0.83932072591427
"3070"|41|3.3|0|1|1|0|-0.194408952946013
"3074"|39|3.5|1|0|1|0|-0.309308408636564
"3076"|37|2.9|0|1|1|0|0.5498633035851
"3080"|34|2.8|1|0|1|0|0.93730322955249
"3081"|33|3.8|0|1|1|0|-0.910987479935694
"3087"|32|3.6|1|0|1|0|-0.356868249044837
"3115"|24|3.8|0|1|1|0|-0.783635967031153
"3126"|32|2.8|0|1|0|1|0.321079190021001
"3159"|30|3.6|0|1|1|0|-0.513983765870683
"3164"|36|2.6|0|1|1|0|1.03311199045835
"3165"|34|2.8|1|0|1|0|0.931634557775202
"3170"|37|2.9|0|1|1|0|0.543457388217534
"3183"|33|3.7|1|0|1|0|-0.555258903639214
"3184"|32|3.3|0|1|1|0|-0.0355490865717296
"3189"|33|3.5|0|1|1|0|-0.404718404372306
"3194"|33|3.1|1|0|1|0|0.43986854915868
"3201"|34|3.3|1|0|1|0|0.0816364258944166
"3204"|32|3.1|0|1|1|0|0.305880621425942
"3211"|30|2.7|1|0|0|1|0.738720879244532
"3218"|41|3.9|1|0|1|0|-1.02357455786323
"3229"|45|3.1|1|0|1|0|0.252308573113905
"3235"|35|3.7|1|0|1|0|-0.58987216237701
"3237"|40|3.6|1|0|1|0|-0.455404147865127
"3247"|35|2.9|1|0|0|1|0.278229378517859
"3255"|31|3.1|0|1|0|1|-0.159315938928579
"3257"|39|2.8|0|1|1|0|0.673373520240719
"3268"|35|3.1|1|0|0|1|-0.0231705675727624
"3275"|44|3.4|1|0|1|0|-0.214395728385981
"3282"|41|3.4|0|1|1|0|-0.336406924233651
"3300"|37|3.4|0|1|1|0|-0.321795464849739
"3309"|36|2.9|1|0|1|0|0.713114729375183
"3328"|39|2.5|1|0|0|1|0.88429133361454
"3336"|40|3.2|1|0|1|0|0.132092291397841
"3347"|35|4|1|0|1|0|-1.07866603307618
"3348"|29|3.5|1|0|0|1|-0.619315253291975
"3360"|28|3.1|1|0|0|1|0.0663726455264692
"3369"|32|3.8|1|0|1|0|-0.679775447515199
"3383"|38|2.7|0|1|1|0|0.870104490876316
"3394"|43|2.2|1|0|1|0|1.79012620905223
"3400"|31|3.3|1|0|1|0|0.156121526787232
"3413"|37|3.3|1|0|1|0|0.0480225923096767
"3427"|44|3.2|0|1|1|0|-0.0650305317748261
"3432"|37|3.3|0|1|1|0|-0.14932089514928
"3435"|39|3.4|0|1|1|0|-0.31251146233976
"3441"|37|3|1|0|1|0|0.561285245855741
"3448"|36|3.9|1|0|1|0|-0.915884305733595
"3455"|34|2.8|1|0|1|0|0.933085135597728
"3461"|37|3.4|0|1|1|0|-0.310129887572612
"3468"|36|3|0|1|1|0|0.39010750903127
"3485"|34|3.1|0|1|1|0|0.246183462712184
"3503"|39|3.5|0|1|1|0|-0.526497506579564
"3513"|39|3|0|1|1|0|0.341405981291379
"3521"|41|3.4|0|1|1|0|-0.367798811179737
"3525"|39|3|1|0|1|0|0.530264857488074
"3527"|39|3.2|1|0|1|0|0.187213507698201
"3528"|38|3.1|0|1|1|0|0.197843928680297
"3536"|37|3.9|1|0|1|0|-0.956388721489845
"3564"|44|3|1|0|1|0|0.442425637940998
"3569"|36|3.5|1|0|1|0|-0.257291762512047
"3596"|31|1.8|0|1|0|1|1.98683842345131
"3606"|29|3.4|0|1|1|0|-0.165005770708125
"3617"|30|2.7|0|1|1|0|0.949140300201012
"3627"|30|2.4|0|1|1|0|1.50829716171482
"3631"|25|2.6|1|0|1|0|1.39924070357655
"3640"|32|3.2|0|1|0|1|-0.327493329601591
"3655"|36|2.9|1|0|1|0|0.736321358526595
"3661"|30|2.9|0|1|0|1|0.196381567186037
"3679"|36|3.5|0|1|1|0|-0.438158264399306
"3685"|38|3.3|0|1|1|0|-0.160769847254006
"3694"|38|3.3|0|1|1|0|-0.160958261926535
"3697"|36|3.5|0|1|1|0|-0.400204850841476
"3698"|37|3.4|1|0|1|0|-0.143818251187787
"3699"|37|3.1|0|1|1|0|0.208897377002964
"3702"|25|3|0|1|1|0|0.581003573468132
"3711"|39|3.2|1|0|1|0|0.16188141065908
"3731"|37|3.1|1|0|1|0|0.384942400511464
"3734"|36|3.3|1|0|1|0|0.0535916913537582
"3742"|38|2.9|0|1|1|0|0.509038990620696
"3747"|27|2.5|0|1|0|1|0.90536081316599
"3754"|37|3.3|0|1|1|0|-0.14957597618508
"3768"|36|3.1|0|1|1|0|0.208731592782941
"3774"|31|3.5|0|1|1|0|-0.399017181104218
"3804"|34|3.4|0|1|1|0|-0.260936310042874
"3812"|40|3.6|0|1|1|0|-0.667683840496508
"3830"|36|3.2|0|1|1|0|0.0523568920081596
"3839"|39|3.2|0|1|1|0|0.0253582104090931
"3862"|37|3.5|1|0|1|0|-0.302617967961288
"3878"|40|3.1|0|1|1|0|0.148923649270178
"3893"|34|3.4|1|0|0|1|-0.53611781822947
"3900"|34|3.4|1|0|1|0|-0.0705972563274949
"3901"|30|3.8|0|1|1|0|-0.86529605009093
"3905"|35|3.4|0|1|1|0|-0.283982097515614
"3920"|42|3.5|0|1|1|0|-0.545732314169432
"3927"|36|3.1|0|1|1|0|0.262164140437539
"3938"|32|2.8|1|0|1|0|0.970598748918699
"3948"|35|3.3|1|0|1|0|0.0820942427696234
"3962"|29|3|1|0|0|1|0.217315357136681
"3967"|36|3.2|0|1|1|0|0.0615727446679158
"3971"|34|3.1|0|1|1|0|0.269203865511622
"3976"|40|3.7|0|1|1|0|-0.862526752164084
"3985"|36|3.4|1|0|1|0|-0.0965925580790709
"3991"|41|2.9|0|1|1|0|0.487280739035105
"4004"|36|3.2|0|1|1|0|0.0528226352255653
"4012"|37|3.4|0|1|1|0|-0.276537162264074
"4014"|30|3.2|1|0|0|1|-0.140997121991428
"4021"|34|3.3|0|1|0|1|-0.521777223629226
"4028"|37|2.8|1|0|1|0|0.893338463388102
"4031"|35|3.6|1|0|1|0|-0.431299288325756
"4045"|37|3.2|1|0|0|1|-0.25046218946955
"4051"|38|3.1|0|1|1|0|0.171894176596449
"4056"|42|2.9|0|1|1|0|0.446676987267932
"4059"|32|3.4|0|1|1|0|-0.204593907133004
"4064"|43|2.7|0|1|1|0|0.77564082405861
"4065"|32|3.6|1|0|1|0|-0.371805322903812
"4069"|37|3.1|0|1|1|0|0.223834064679948
"4092"|35|3.2|0|1|1|0|0.055866320114734
"4095"|35|3.4|1|0|1|0|-0.0959095981975769
"4106"|34|3.6|1|0|1|0|-0.393489039844266
"4119"|29|2.6|0|1|1|0|1.18216266307093
"4127"|26|3.3|1|0|1|0|0.217261127194646
"4150"|30|3.1|0|1|1|0|0.304893430734326
"4180"|28|3.1|0|1|1|0|0.29226575666166
"4186"|29|3.1|1|0|1|0|0.51962155517754
"4211"|31|3.6|0|1|0|1|-1.02770736808087
"4241"|48|3.9|1|0|1|0|-1.12181976909863
"4242"|45|4|1|0|1|0|-1.23201058072796
"4250"|33|3.2|0|1|0|1|-0.356701723560563
"4271"|32|3.6|1|0|0|1|-0.826363745958545
"4272"|44|3.8|1|0|1|0|-0.890291295409312
"4277"|42|4|0|1|1|0|-1.37701227642564
"4282"|48|3.7|1|0|0|1|-1.24202458998554
"4288"|48|3.9|0|1|1|0|-1.30457725498596
"4293"|47|3.7|1|0|1|0|-0.774643588593496
"4298"|45|3.8|1|0|1|0|-0.906543066452634
"4300"|45|3.7|0|1|1|0|-0.919186845999056
"4309"|44|4|0|1|1|0|-1.39427176531228
"4313"|47|3.9|0|1|1|0|-1.27893811536585
"4330"|47|4|0|1|1|0|-1.46533029231897
"4346"|30|3.7|0|1|0|1|-1.1528736196511
"4355"|45|4|1|0|1|0|-1.26188219350916
"4363"|36|3.5|1|0|0|1|-0.74007407673608
"4373"|36|3.3|1|0|0|1|-0.417686470370694
"4398"|42|3.4|0|1|1|0|-0.378701467812481
"4410"|40|3.7|1|0|1|0|-0.670707203874342
"4432"|42|3.4|1|0|1|0|-0.213470686479586
"4441"|44|3|1|0|1|0|0.440401064664637
"4445"|42|3.4|0|1|1|0|-0.357592327258767
"4453"|39|3.8|0|1|1|0|-0.98496281214986
"4467"|43|3.2|0|1|0|1|-0.53784565328227
"4475"|47|3.3|1|0|1|0|-0.105139122953384
"4481"|47|3.7|0|1|1|0|-0.943049516524508
"4490"|34|3.3|1|0|1|0|0.0954427185131366
"4495"|32|3.6|0|1|1|0|-0.540493542839244
"4504"|41|3|1|0|1|0|0.497179841282886
"4509"|34|3.4|1|0|1|0|-0.0973375193511783
"4526"|36|3.4|0|1|1|0|-0.275483453636199
"4563"|38|3|1|0|1|0|0.551550179253555
"4581"|28|3.9|1|0|0|1|-1.26908974360222
"4591"|42|3.5|1|0|1|0|-0.357315411937148
"4599"|34|3|1|0|1|0|0.602664136386533
"4608"|25|2.1|0|1|0|1|1.59939443135151
"4622"|47|2.4|0|1|1|0|1.20725089250085
"4626"|41|2.8|0|1|1|0|0.633163966462413
"4629"|37|3|0|1|1|0|0.363026043351667
"4639"|39|2.9|0|1|1|0|0.513966718768227
"4640"|38|2.8|0|1|1|0|0.679924772391164
"4653"|36|3|0|1|1|0|0.367980550212701
"4664"|38|3|1|0|1|0|0.536392767282238
"4668"|26|2.7|0|1|0|1|0.601782467037482
"4681"|34|2.7|1|0|1|0|1.09903819574829
"4692"|38|3.5|0|1|1|0|-0.462597578171779
"4702"|39|3.4|1|0|1|0|-0.155437879720303
"4708"|35|3.2|0|1|1|0|0.0623993009977878
"4728"|34|2.8|0|1|1|0|0.772892722382501
"4733"|40|3.5|1|0|1|0|-0.298165650672176
"4740"|42|3.4|0|1|1|0|-0.369339208383448
"4753"|38|3.7|0|1|1|0|-0.79136663518027
"4777"|37|3.3|0|1|1|0|-0.113437220798643
"4781"|36|3.5|1|0|1|0|-0.296038411234143
"4797"|27|2.5|1|0|0|1|1.0793686125691
"4809"|39|3.2|0|1|1|0|-0.0222876900115843
"4852"|27|3|0|1|0|1|0.0514474324884192
"4854"|30|3.1|1|0|1|0|0.524889709806119
"4880"|37|2.6|0|1|0|1|0.558446548326651
"4884"|40|2.6|1|0|1|0|1.15434071924539
"4907"|26|3.3|1|0|0|1|-0.225248262611919
"4915"|26|3.2|0|1|0|1|-0.240181738873967
"4920"|39|2.2|0|1|0|1|1.20022029646414
"4924"|33|2.8|0|1|1|0|0.774115647736918
"4943"|37|2.5|0|1|1|0|1.22443855966024
"4946"|41|2.3|1|0|1|0|1.66678625452982
"4951"|35|2.7|1|0|1|0|1.10231348095289
"4960"|37|2.2|0|1|1|0|1.70030105006942
"4961"|37|2.7|0|1|1|0|0.860994777502737
"4972"|39|2.6|1|0|1|0|1.20680717244801
"4978"|33|3|0|1|1|0|0.417181804452637
"4980"|35|3|0|1|1|0|0.399768717321769
"4982"|35|2.7|0|1|1|0|0.884472580641946
"4997"|33|3.2|0|1|1|0|0.117463136923636
"4998"|25|3.5|0|1|0|1|-0.70723415215696
"5009"|26|3.3|1|0|0|1|-0.236059831651635
"5013"|35|3.1|1|0|1|0|0.392982432097006
"5017"|30|3.4|1|0|1|0|-0.0206211739618857
"5029"|32|2.6|0|1|1|0|1.14141445375742
"5067"|24|3.1|0|1|1|0|0.438172660273664
"5069"|32|3.2|0|1|1|0|0.102514963736556
"5075"|35|3.1|1|0|1|0|0.40073889547083
"5093"|35|2.8|0|1|1|0|0.728398862288272
"5113"|37|3|0|1|1|0|0.357351754038982
"5114"|34|2.7|0|1|1|0|0.938592050223991
"5122"|34|2.9|1|0|1|0|0.76486336968603
"5144"|24|3.1|0|1|1|0|0.409206225198517
"5146"|34|3.1|0|1|1|0|0.251876072384426
"5175"|30|2.9|1|0|1|0|0.818928491144131
"5183"|35|3.3|0|1|1|0|-0.0853705126839915
"5196"|23|3.1|0|1|0|1|-0.00526949907281021
"5197"|24|3.3|1|0|0|1|-0.186054136273565
"5198"|20|2.5|1|0|0|1|1.19782454782553
"5222"|40|3.8|1|0|1|0|-0.830995381504589
"5240"|46|2.6|0|1|1|0|0.908022302307256
"5255"|47|3.4|0|1|1|0|-0.458104736095586
"5277"|43|3.7|0|1|1|0|-0.924389509041311
"5280"|41|3.7|0|1|1|0|-0.853511930225938
"5288"|43|3.6|1|0|1|0|-0.555806866088934
"5304"|46|3.5|0|1|1|0|-0.608891513834411
"5316"|37|3.8|1|0|0|1|-1.24990481523137
"5322"|48|3.1|0|1|1|0|0.0336036191955271
"5332"|47|3.7|1|0|1|0|-0.757664737189491
"5336"|43|3.7|0|1|1|0|-0.88029679157484
"5343"|40|3|0|1|0|1|-0.139682439546401
"5381"|39|3.5|0|1|0|1|-0.946979925923184
"5382"|42|3.3|1|0|1|0|-0.0284133278688975
"5386"|43|3.3|1|0|1|0|-0.0503360913143355
"5387"|41|3.4|0|1|1|0|-0.377230340408653
"5397"|40|3.7|0|1|0|1|-1.32343388569038
"5398"|41|3.9|1|0|1|0|-1.01399025863234
"5404"|35|2.8|0|1|0|1|0.271763135345464
"5425"|39|3.9|0|1|1|0|-1.16026515912452
"5431"|42|3.2|0|1|1|0|-0.0225411240130918
"5440"|39|3.6|0|1|1|0|-0.663226535206199
"5441"|48|3.5|0|1|1|0|-0.624681907832582
"5443"|40|3.5|1|0|1|0|-0.326756757622047
"5459"|45|3.9|1|0|1|0|-1.06602105545905
"5463"|48|3.3|0|1|1|0|-0.290827335004535
"5465"|45|3.6|1|0|1|0|-0.583834240586238
"5466"|40|3.4|0|1|1|0|-0.372958022065142
"5469"|44|3.6|1|0|1|0|-0.558885268462398
"5474"|35|3.5|0|1|1|0|-0.466136078116248
"5482"|46|3.7|1|0|1|0|-0.768031779998952
"5496"|37|4|0|1|1|0|-1.3076683452701
"5507"|44|3.4|1|0|1|0|-0.212510423022234
"5509"|48|3.5|0|1|1|0|-0.620814260417925
"5512"|43|3.7|0|1|1|0|-0.896660141948462
"5519"|46|3.4|1|0|1|0|-0.261517215055523
"5521"|42|3.6|0|1|1|0|-0.694638759481724
"5524"|46|3.6|0|1|0|1|-1.23563273243125
"5533"|40|3.9|0|1|0|1|-1.62993080904219
"5572"|36|2.4|0|1|1|0|1.37307592312879
"5573"|30|2.7|0|1|0|1|0.535115970591776
"5602"|40|2.5|0|1|1|0|1.15206254076738
"5606"|37|2.9|1|0|1|0|0.740646164866924
"5608"|34|3.3|0|1|1|0|-0.0952104223057044
"5642"|36|2.5|0|1|1|0|1.19156306419673
"5643"|28|3.5|1|0|0|1|-0.599927714179391
"5646"|39|3.8|1|0|1|0|-0.821580561905215
"5656"|37|3.7|1|0|1|0|-0.613082550060977
"5658"|37|2.6|0|1|1|0|1.05326894159598
"5674"|35|2.6|0|1|1|0|1.07266603828877
"5686"|39|3.4|1|0|1|0|-0.132836573160823
"5695"|36|2.6|0|1|1|0|1.02774201760909
"5707"|29|3.3|1|0|1|0|0.175557810390111
"5708"|37|2.6|0|1|1|0|1.0471819323381
"5711"|35|2.8|1|0|1|0|0.936511964004896
"5713"|30|3.7|1|0|1|0|-0.524527101769825
"5722"|39|2.4|0|1|0|1|0.876750019000161
"5725"|40|2.6|1|0|0|1|0.747263724092161
"5728"|32|3.2|0|1|1|0|0.157441003899169
"5731"|41|2.9|1|0|1|0|0.691705898112685
"5739"|35|3|0|1|1|0|0.385679002225657
"5771"|31|3.4|0|1|0|1|-0.68420742016815
"5775"|44|3.6|0|1|1|0|-0.759318135778265
"5784"|38|3.9|1|0|1|0|-0.972824403672853
"5809"|41|3.7|0|1|0|1|-1.33439614994361
"5810"|35|3.8|1|0|1|0|-0.731140890305246
"5823"|41|3.4|0|1|1|0|-0.3648511321761
"5834"|45|3.7|0|1|1|0|-0.935707319519429
"5843"|39|3.1|0|1|0|1|-0.290053649025504
"5844"|42|3.7|0|1|1|0|-0.923385978269925
"5856"|39|3.4|0|1|1|0|-0.314116517224907
"5861"|38|3.2|0|1|1|0|0.0321908079316113
"5888"|42|2.9|1|0|1|0|0.631400378806961
"5895"|40|2.7|1|0|1|0|1.01753155042121
"5903"|23|2.7|1|0|0|1|0.843108501354784
"5904"|33|3.5|1|0|1|0|-0.190625289248688
"5909"|33|3.5|1|0|1|0|-0.233361784299531
"5919"|33|2.8|0|1|1|0|0.757623128266563
"5928"|36|3.7|1|0|1|0|-0.630433472404531
"5932"|42|3.9|1|0|1|0|-1.03332540216618
"5963"|35|3.7|1|0|1|0|-0.567824359381699
"5986"|39|2.3|1|0|1|0|1.6735332599498
"5994"|33|3.7|1|0|1|0|-0.562662421545568
"6034"|36|3.3|0|1|1|0|-0.133964092431964
"6038"|27|2.6|0|1|1|0|1.19183806701158
"6047"|35|3.5|1|0|1|0|-0.275359766067809
"6089"|40|2.9|0|1|1|0|0.483492199212581
"6102"|33|3.1|1|0|1|0|0.45883252326276
"6106"|41|3.3|0|1|1|0|-0.191015659156317
"6121"|36|3.4|0|1|1|0|-0.298982095011995
"6122"|30|3.6|1|0|1|0|-0.335958184903222
"6143"|32|3.5|0|1|1|0|-0.353507681665182
"6169"|32|3.2|0|1|1|0|0.12508211959779
"6176"|30|2.8|0|1|1|0|0.806871050485868
"6177"|35|3.3|0|1|1|0|-0.0905070148169367
"6191"|34|3.3|1|0|1|0|0.0844785999925196
"6198"|39|3.8|1|0|1|0|-0.801070376866385
"6217"|32|3|1|0|1|0|0.656010529379876
"6229"|22|2.6|1|0|0|1|0.995303035361907
"6234"|32|3.7|1|0|1|0|-0.570767096568801
"6241"|34|3.1|1|0|1|0|0.412701462644116
"6244"|32|3.4|1|0|1|0|-0.0186163487860493
"6250"|35|3.5|0|1|1|0|-0.443198782523848
"6256"|35|2.9|0|1|1|0|0.559946334705458
"6257"|22|2.7|1|0|0|1|0.850038851277862
"6298"|38|3.2|0|1|1|0|-0.00549060469691194
"6300"|36|2.7|1|0|1|0|1.06318430945615
"6312"|32|3.5|1|0|1|0|-0.219193694381914
"6317"|25|2.6|1|0|0|1|0.957557713821418
"6318"|34|2.7|0|1|0|1|0.470947388000478
"6328"|25|2.7|1|0|0|1|0.777686786318681
"6339"|27|3.2|1|0|0|1|-0.0773247090916546
"6348"|34|3.5|0|1|1|0|-0.416510550875296
"6362"|38|2.5|0|1|1|0|1.19026523857137
"6364"|31|2.7|0|1|1|0|0.970825163472833
"6368"|40|2.6|0|1|1|0|1.00815244085312
"6370"|36|3.3|0|1|1|0|-0.0929717796003532
"6407"|27|2.5|1|0|0|1|1.07591223023501
"6409"|33|3.2|0|1|1|0|0.083023539326674
"6431"|37|2.7|1|0|1|0|1.06638424937494
"6436"|37|2.8|0|1|1|0|0.704575702735252
"6440"|37|3.3|1|0|1|0|0.0392592145645752
"6445"|33|2.9|0|1|1|0|0.610734968454963
"6448"|40|2.8|1|0|1|0|0.837324912359578
"6456"|36|3.5|0|1|1|0|-0.44035177270325
"6459"|40|3.2|1|0|1|0|0.18129614506148
"6473"|35|3|1|0|1|0|0.594966914879169
"6502"|36|2.9|1|0|1|0|0.730614809395151
"6527"|41|2.9|0|1|1|0|0.503896201875532
"6528"|39|2.8|1|0|1|0|0.856367907712393
"6530"|39|2.3|0|1|0|1|1.06384610232512
"6549"|35|3|1|0|1|0|0.583491687894269
"6595"|40|2.8|0|1|1|0|0.664156627399883
"6608"|36|2.7|0|1|1|0|0.860364581036748
"6644"|35|3|0|1|1|0|0.412785073815232
"6666"|30|2.5|1|0|0|1|1.0463107748923
"6680"|34|3.1|0|1|1|0|0.235349441715509
"6691"|29|3|1|0|1|0|0.688955476835529
"6692"|40|2.8|0|1|1|0|0.671390565179105
"6693"|32|2.9|0|1|1|0|0.604603352408113
"6696"|28|2.7|1|0|0|1|0.727513095627453
"6702"|35|2.9|0|1|0|1|0.11977349324381
"6706"|34|3.1|0|1|1|0|0.248239174784802
"6717"|36|3.4|0|1|1|0|-0.262391548637534
"6725"|39|2.5|0|1|1|0|1.16369733484003
"6737"|30|2.7|0|1|0|1|0.542268076688051
"6739"|26|3.1|0|1|1|0|0.385227232387053
"6744"|35|3.3|0|1|1|0|-0.0842172461452187
"6777"|35|3.3|0|1|1|0|-0.0693147922828511
"6787"|35|3.2|1|0|1|0|0.237428498642399
"6793"|30|3.4|1|0|1|0|-0.0276915922335028
"6814"|30|3.3|1|0|0|1|-0.295394718547867
"6829"|37|3.1|0|1|1|0|0.221889428117093
"6834"|35|3.3|0|1|1|0|-0.103584517039025
"6850"|30|3.4|1|0|1|0|0.0264833891745159
"6855"|32|3.5|1|0|1|0|-0.200782332805444
"6856"|34|3|0|1|1|0|0.413525303934643
"6866"|32|3.2|1|0|1|0|0.306041207908126
"6875"|36|3.1|1|0|1|0|0.419999273732353
"6878"|36|2.6|1|0|1|0|1.22536596104652
"6888"|39|3.8|0|1|1|0|-0.971480962494024
"6895"|36|3.3|0|1|1|0|-0.087434869467198
"6896"|24|3.1|1|0|1|0|0.60025874291409
"6912"|37|3|0|1|1|0|0.3726368942793
"6914"|38|2.6|0|1|1|0|1.02764924422182
"6932"|26|2.7|0|1|1|0|1.06159263417675
"6943"|28|3|0|1|1|0|0.524005832479607
"6948"|42|3|0|1|1|0|0.281046174414732
"6957"|38|3.7|1|0|1|0|-0.641123173819512
"6961"|30|3.5|1|0|1|0|-0.163421576635172
"6967"|35|2.9|0|1|1|0|0.575947535456835
"6971"|35|2.8|1|0|1|0|0.938380294723351
"6987"|28|2.8|1|0|0|1|0.584530368044137
"6995"|41|2.4|0|1|1|0|1.31325851651302
"7001"|36|3.4|0|1|1|0|-0.288305520340553
"7017"|22|2.5|0|1|0|1|1.00676192679488
"7018"|36|3|1|0|1|0|0.569856265280394
"7026"|32|3.3|0|1|1|0|-0.0564777254822319
"7037"|37|3|0|1|1|0|0.357657546654141
"7058"|26|3.1|0|1|1|0|0.356900597008806
"7060"|30|2.8|0|1|1|0|0.829820923545908
"7063"|26|3|1|0|1|0|0.715992606384046
"7071"|31|2.2|0|1|1|0|1.81141638438329
"7082"|23|2.7|0|1|1|0|1.11423305045646
"7089"|24|3.3|0|1|1|0|0.082417022036926
"7097"|39|3.3|1|0|1|0|0.0188206617941307
"7128"|24|2.7|0|1|1|0|1.07319414642954
"7132"|22|3|0|1|1|0|0.599951218169679
"7139"|18|2.7|0|1|1|0|1.20190436381644
"7144"|38|3.7|0|1|1|0|-0.809626817683972
"7148"|30|2.5|0|1|1|0|1.3050555807195
"7169"|39|2.6|1|0|1|0|1.21587409719062
"7177"|37|2.4|0|1|0|1|0.933811900157418
"7226"|39|2.7|1|0|0|1|0.574118428899281
"7227"|31|3.1|1|0|0|1|0.0125742258607374
"7236"|34|3|0|1|1|0|0.40072438849058
"7246"|37|3|0|1|1|0|0.368375583309084
"7252"|38|3.2|1|0|1|0|0.217606766626541
"7253"|29|3.8|1|0|1|0|-0.64358102709148
"7255"|34|3.2|0|1|1|0|0.0870701540518944
"7263"|31|3.5|1|0|1|0|-0.183848739510821
"7265"|28|2.7|0|1|0|1|0.535757022218765
"7267"|36|3.1|0|1|1|0|0.215450594031804
"7268"|43|3.1|0|1|1|0|0.116164043254421
"7275"|39|2.8|1|0|1|0|0.868718122069094
"7277"|35|3.4|1|0|1|0|-0.0617190096901006
"7279"|41|2.5|1|0|1|0|1.33652858097812
"7288"|32|3.4|1|0|1|0|-0.02926241963175
"7292"|37|2.9|0|1|1|0|0.534240304308376
"7301"|39|2.7|1|0|1|0|1.03078932852589
"7302"|33|3.5|0|1|1|0|-0.39094023780754
"7309"|39|3.2|1|0|1|0|0.18691240315678
"7312"|36|2.6|1|0|0|1|0.781758715028165
"7316"|33|3.3|0|1|1|0|-0.05967692071602
"7324"|39|2.8|1|0|1|0|0.860668334174592
"7333"|39|2.8|1|0|1|0|0.872335416706413
"7337"|33|3.8|0|1|1|0|-0.886736493394363
"7346"|31|2.8|0|1|0|1|0.339743347787554
"7355"|35|3.9|1|0|1|0|-0.918030927522946
"7371"|38|3.4|1|0|1|0|-0.127797419802125
"7375"|42|3.8|1|0|1|0|-0.87355529008775
"7378"|41|3|0|1|1|0|0.316032666975376
"7392"|24|3.4|1|0|0|1|-0.367260947608552
"7396"|42|2.9|1|0|1|0|0.621898584077321
"7403"|42|3.1|1|0|1|0|0.291002630961147
"7413"|41|3.2|0|1|1|0|-0.0311973059546391
"7417"|44|3.2|0|1|1|0|-0.103222195632172
"7421"|43|3|0|1|1|0|0.264693582757035
"7433"|35|3.6|0|1|1|0|-0.589339470063964
"7454"|32|3.2|1|0|0|1|-0.133467643335834
"7455"|38|3.2|1|0|1|0|0.196929451587082
"7460"|43|2.9|0|1|1|0|0.4520045994188
"7480"|42|3.2|1|0|0|1|-0.303126666972349
"7498"|32|2.7|1|0|0|1|0.689883133725168
"7514"|37|3.1|0|1|1|0|0.19085790853594
"7517"|38|3.2|1|0|0|1|-0.245536412367665
"7537"|32|3|0|1|1|0|0.451316248900865
"7541"|34|3.3|1|0|1|0|0.107940881207382
"7550"|35|3.5|0|1|1|0|-0.44106022159414
"7573"|38|2.8|0|1|1|0|0.701171839981137
"7578"|36|3.8|1|0|1|0|-0.741371442674851
"7621"|30|3|0|1|1|0|0.467450526381161
"7623"|34|3|1|0|1|0|0.61630715095565
"7626"|35|2.9|1|0|1|0|0.7404566467714
"7627"|32|3.4|0|1|1|0|-0.228748870493052
"7633"|40|2.8|0|1|1|0|0.655197394223571
"7646"|36|2.8|0|1|1|0|0.730066266729262
"7651"|37|3.4|0|1|1|0|-0.306782132353223
"7654"|40|3.3|0|1|0|1|-0.633847183488119
"7656"|32|3.5|0|1|0|1|-0.850270510974254
"7660"|41|2.4|0|1|1|0|1.28893059124152
"7674"|33|3.1|0|1|1|0|0.265642490144566
"7679"|40|3.6|0|1|1|0|-0.684414623318531
"7680"|42|3.1|1|0|1|0|0.337341019237014
"7683"|30|3.6|0|1|0|1|-0.978875029243451
"7691"|36|3.6|0|1|1|0|-0.59458066043331
"7710"|28|3.3|1|0|0|1|-0.255257112900086
"7731"|32|3|0|1|0|1|-0.0099000605195857
"7757"|38|3.4|0|1|1|0|-0.324225141441804
"7770"|38|2.6|0|1|0|1|0.532658358202286
"7793"|43|4|1|0|1|0|-1.22297299134319
"7802"|39|4|0|1|1|0|-1.32858353665855
"7814"|30|3.1|0|1|0|1|-0.160185709884828
"7833"|40|3.2|0|1|1|0|-0.0106061140785493
"7843"|39|3.3|1|0|1|0|0.00323403979537171
"7852"|40|3.8|0|1|1|0|-1.02633057443165
"7854"|39|3.7|1|0|1|0|-0.664406224364821
"7873"|41|3.2|0|1|1|0|0.000207769970657855
"7885"|37|3.9|0|1|1|0|-1.13435857951747
"7888"|40|3.6|0|1|1|0|-0.684763250076095
"7911"|33|3.4|0|1|1|0|-0.224565065804181
"7917"|27|3.4|0|1|1|0|-0.138441875406025
"7928"|36|3.3|0|1|1|0|-0.128084800299824
"7938"|36|3.1|0|1|1|0|0.230372452029451
"7946"|38|3.3|1|0|1|0|0.0101775587529197
"7956"|24|2.5|1|0|0|1|1.13740926717912
"7962"|29|3.7|0|1|1|0|-0.68250729927247
"7974"|34|3.2|0|1|0|1|-0.364121239068312
"7976"|35|3.2|0|1|0|1|-0.38246854841464
"8022"|40|3.2|0|1|0|1|-0.490582804849266
"8030"|48|3.5|0|1|1|0|-0.63673253535931
"8033"|41|3.8|0|1|1|0|-1.00036416395845
"8050"|36|3|0|1|0|1|-0.0765031523472638
"8056"|44|3.6|0|1|1|0|-0.739286458565376
"8066"|45|3.8|1|0|1|0|-0.936964225445905
"8073"|46|3.5|1|0|0|1|-0.886652332746502
"8079"|36|3|0|1|0|1|-0.0563720162733049
"8105"|39|2.9|0|1|0|1|0.04994893799392
"8109"|48|3.3|1|0|1|0|-0.121508848259118
"8112"|45|3.8|0|1|0|1|-1.53364495922153
"8113"|39|3.4|0|1|0|1|-0.780231718009548
"8116"|43|3.5|0|1|1|0|-0.577155340949585
"8131"|48|3.5|0|1|1|0|-0.653778088701755
"8133"|42|3.7|0|1|1|0|-0.879106958060891
"8144"|41|3.6|0|1|1|0|-0.691143253772152
"8150"|42|2.6|0|1|0|1|0.500036626380934
"8166"|44|3.5|0|1|0|1|-1.02961366455347
"8170"|41|3.2|0|1|0|1|-0.492303233939145
"8172"|37|3.5|1|0|0|1|-0.722815260834486
"8187"|48|3.4|1|0|1|0|-0.306792315408107
"8191"|36|3.8|1|0|1|0|-0.792195059637919
"8197"|33|3.7|1|0|1|0|-0.549009610127979
"8207"|39|3.6|0|1|1|0|-0.688246944692877
"8209"|34|3.5|1|0|1|0|-0.240179570107188
"8213"|39|3.9|0|1|1|0|-1.17478666090043
"8256"|40|2.8|0|1|1|0|0.656506467735173
"8270"|30|3.5|1|0|0|1|-0.633495131352023
"8284"|34|3|0|1|1|0|0.418978140271833
"8286"|38|3.5|1|0|1|0|-0.278908385646192
"8291"|29|2.7|1|0|1|0|1.18300133695368
"8301"|38|3.5|1|0|1|0|-0.322932590476496
"8307"|34|2.7|0|1|1|0|0.938006172326424
"8313"|33|3.5|0|1|1|0|-0.392084680802457
"8321"|34|2.6|1|0|1|0|1.26460679830708
"8364"|36|3.9|1|0|1|0|-0.943163495766963
"8370"|38|3.5|1|0|1|0|-0.311076916664624
"8378"|36|3.1|0|1|1|0|0.21363670270752
"8380"|46|3.6|0|1|1|0|-0.77630992983956
"8382"|37|2.4|1|0|0|1|1.12890655021918
"8392"|37|3.1|0|1|1|0|0.198670337549576
"8393"|28|3|1|0|0|1|0.24338823581028
"8404"|40|3.1|0|1|1|0|0.157613405547475
"8411"|36|2.9|0|1|1|0|0.553353527183972
"8414"|37|3.2|0|1|1|0|0.0277944923324194
"8421"|38|3.3|0|1|1|0|-0.140044769079301
"8425"|30|3.2|0|1|1|0|0.135239653602099
"8437"|35|3|1|0|1|0|0.598366426490368
"8450"|36|3.9|1|0|1|0|-0.958169374858909
"8459"|40|3.9|1|0|0|1|-1.4519450683217
"8466"|38|3.1|0|1|1|0|0.186286540279042
"8470"|41|3|1|0|1|0|0.463005078663375
"8484"|36|2.1|0|1|1|0|1.89580760924229
"8491"|39|3.2|0|1|1|0|0.0220030521056491
"8503"|32|2.9|0|1|1|0|0.61213428356342
"8523"|32|2.8|0|1|1|0|0.794399701575985
"8530"|37|3.3|1|0|1|0|0.0501939452639698
"8531"|35|3.4|1|0|1|0|-0.051290873025496
"8534"|23|3.2|1|0|0|1|-0.00179534477458865
"8545"|36|3.2|1|0|1|0|0.230057851828841
"8552"|33|3.6|1|0|1|0|-0.379901025859648
"8557"|29|3.1|1|0|1|0|0.532153981718652
"8558"|37|3.1|0|1|1|0|0.188080288826143
"8566"|12|2.9|1|0|0|1|0.647665831402863
"8595"|39|3.3|1|0|1|0|0.00252182774171428
"8599"|37|2.9|1|0|1|0|0.725772860074223
"8608"|28|3.3|1|0|0|1|-0.297862416780842
"8632"|32|3.2|1|0|1|0|0.280643638368106
"8633"|27|3.6|1|0|0|1|-0.726041822459472
"8638"|32|3.4|0|1|1|0|-0.188052261579218
"8644"|34|3.5|0|1|1|0|-0.405206427408544
"8651"|45|3.2|0|1|0|1|-0.565328640592569
"8680"|28|2.5|0|1|1|0|1.33684460462093
"8694"|40|3.2|0|1|1|0|-0.00169618957759641
"8708"|37|4|0|1|1|0|-1.30507017884151
"8728"|33|3.6|1|0|1|0|-0.432601363225079
"8730"|39|2.9|0|1|1|0|0.480506992938281
"8738"|21|3.1|1|0|0|1|0.199728813955669
"8743"|24|2|0|1|0|1|1.78099405735477
"8764"|34|3.5|0|1|1|0|-0.432843569327674
"8767"|34|3.6|0|1|1|0|-0.579699430979499
"8770"|32|3.5|1|0|1|0|-0.213925896054049
"8776"|35|3.4|0|1|1|0|-0.266888412036952
"8785"|41|2.8|1|0|0|1|0.368145954483739
"8792"|26|2.9|0|1|0|1|0.25011994756475
"8821"|18|2.5|1|0|0|1|1.21950957605718
"8852"|32|3.6|1|0|1|0|-0.373246094730024
"8859"|39|2.8|0|1|1|0|0.671174398405101
"8878"|26|2.9|0|1|0|1|0.258314876843063
"8883"|25|2.6|0|1|0|1|0.758786936210581
"8884"|43|2.8|1|0|1|0|0.777990685691257
"8898"|43|3.5|1|0|0|1|-0.8323136767224
"8903"|36|3.2|0|1|1|0|0.0415673014595916
"8921"|39|2.7|0|1|1|0|0.867455441235011
"8932"|34|2.1|0|1|1|0|1.92575119698124
"8946"|42|3.9|1|0|1|0|-1.05780639427893
"8954"|35|3.5|1|0|1|0|-0.231512832903032
"8967"|36|2.9|1|0|1|0|0.740021347774019
"8984"|42|3.7|0|1|1|0|-0.873285886884752
"8991"|32|2.9|1|0|1|0|0.807233603673767
"8995"|35|3.4|0|1|1|0|-0.278665714089544
"8998"|36|3|0|1|1|0|0.370146604057261
"9002"|26|2.6|1|0|0|1|0.947431271628281
"9010"|36|3.5|0|1|1|0|-0.475183882382185
"9016"|37|3.4|0|1|1|0|-0.297409736712854
"9018"|30|3.8|0|1|0|1|-1.29171724925364
"9024"|39|3.6|1|0|1|0|-0.486038371974615
"9027"|35|3.9|1|0|1|0|-0.933862370916435
"9044"|37|3.3|1|0|1|0|0.0344102390315335
"9068"|34|3.3|0|1|0|1|-0.529413348391181
"9071"|39|3.2|0|1|1|0|2.39596731580247e-05
"9072"|37|3.2|1|0|1|0|0.230879756189028
"9084"|32|3.8|0|1|1|0|-0.890513755817681
"9085"|36|3|1|0|1|0|0.592746798165719
"9086"|34|3.2|1|0|1|0|0.278325162234685
"9091"|32|2.9|1|0|1|0|0.789465930878458
"9097"|35|2.9|0|1|1|0|0.558470060570193
"9125"|42|2.7|0|1|1|0|0.802685455662135
"9127"|31|3.1|1|0|0|1|0.0157991033581193
"9134"|28|3|0|1|0|1|0.0660215263666913
"9136"|33|2.7|1|0|0|1|0.673271467676377
"9146"|36|3.6|0|1|1|0|-0.616761787527226
"9149"|36|3|0|1|0|1|-0.0947614615484901
"9153"|34|3.5|1|0|1|0|-0.254156235620314
"9155"|34|3.3|0|1|1|0|-0.0986347330207607
"9159"|34|2.7|0|1|0|1|0.459505175241425
"9164"|39|3|0|1|0|1|-0.128402364226077
"9190"|37|3.8|1|0|1|0|-0.78165828848341
"9198"|35|3.4|1|0|1|0|-0.0691324883507505
"9213"|36|3.1|0|1|1|0|0.233814164855326
"9222"|38|3.1|1|0|0|1|-0.103119525930726
"9264"|33|2.9|1|0|1|0|0.817406231012368
"9272"|36|3.5|1|0|1|0|-0.280367147991957
"9284"|37|3.1|0|1|1|0|0.205724269024194
"9286"|36|2.6|1|0|1|0|1.22333310079866
"9290"|36|3.4|1|0|1|0|-0.0816934011918989
"9298"|34|3.3|0|1|1|0|-0.0787049432528479
"9320"|36|3.7|1|0|1|0|-0.584892064825351
"9321"|31|3.5|1|0|1|0|-0.172228073605141
"9327"|34|3.1|0|1|0|1|-0.185016867575602
"9329"|36|3.7|0|1|1|0|-0.791776860127063
"9338"|41|2.5|0|1|1|0|1.12706127735504
"9348"|37|3.1|0|1|1|0|0.182238542724809
"9370"|45|3.9|0|1|1|0|-1.23118064261071
"9377"|41|2.9|1|0|1|0|0.653726777250407
"9403"|36|2.8|1|0|0|1|0.443863884189776
"9416"|40|3.2|1|0|1|0|0.16359415006128
"9418"|44|3|0|1|1|0|0.26873158187289
"9419"|40|3.2|1|0|1|0|0.170843725560388
"9426"|36|3.2|0|1|1|0|0.0321519058978124
"9442"|24|2.8|0|1|0|1|0.449011414788902
"9474"|37|2.9|1|0|1|0|0.760046911151043
"9478"|37|3|1|0|1|0|0.56642166320486
"9485"|35|3.7|1|0|1|0|-0.574930859859197
"9496"|42|3|1|0|1|0|0.478385137464221
"9519"|35|3.4|1|0|1|0|-0.0831078501216625
"9520"|45|3.8|0|1|1|0|-1.08685311456176
"9531"|36|3.2|1|0|1|0|0.236134346244324
"9563"|30|2.7|1|0|0|1|0.678000456417243
"9577"|33|3.1|1|0|1|0|0.447832258020575
"9599"|44|2.9|0|1|1|0|0.446506312098545
"9601"|39|2.8|1|0|1|0|0.849956102198832
"9606"|39|3.4|0|1|1|0|-0.31744259078542
"9612"|36|3|0|1|1|0|0.374154453389131
"9614"|32|3.3|0|1|0|1|-0.517818113844988
"9623"|36|2.9|0|1|1|0|0.568061133936475
"9624"|38|3.1|0|1|1|0|0.17830106752242
"9642"|34|2.9|1|0|1|0|0.764612141291951
"9653"|35|3.8|1|0|0|1|-1.21679025116799
"9656"|41|3.1|0|1|1|0|0.163445737265435
"9659"|39|3.3|1|0|1|0|0.038274534489276
"9665"|36|3.2|0|1|1|0|0.0405792999176664
"9668"|36|3.4|0|1|1|0|-0.303566704356433
"9672"|30|2.5|0|1|0|1|0.888171942594674
"9677"|30|2.9|1|0|1|0|0.825145839984847
"9689"|40|2.8|0|1|1|0|0.643407747772055
"9694"|42|3.3|0|1|1|0|-0.18037921050593
"9705"|41|3.1|0|1|1|0|0.130375078812038
"9706"|40|3.3|0|1|1|0|-0.176331891216674
"9708"|43|3.7|0|1|1|0|-0.879877501051569
"9709"|41|3.3|1|0|1|0|-0.00638792646816643
"9715"|41|3.4|1|0|1|0|-0.182198730064475
"9717"|31|2.9|0|1|1|0|0.643366810436527
"9750"|38|3.2|1|0|1|0|0.191637431453065
"9758"|38|3.4|0|1|1|0|-0.314488755951281
"9768"|38|3.3|0|1|1|0|-0.143935235223211
"9778"|40|3.3|1|0|1|0|0.0128563108200454
"9792"|39|3.1|0|1|1|0|0.187133980271548
"9830"|30|3.3|0|1|1|0|-0.00977558748664342
"9838"|35|3.2|1|0|1|0|0.255581743939993
"9843"|32|3.2|0|1|1|0|0.112988399130656
"9848"|33|3.1|1|0|1|0|0.45329428727988
"9856"|36|3.6|1|0|1|0|-0.448453471933236
"9865"|34|3.7|1|0|1|0|-0.55238358391539
"9890"|35|2.4|0|1|1|0|1.41510261189561
"9894"|40|2.6|1|0|1|0|1.18184362555921
"9896"|41|3|0|1|1|0|0.350433487383955
"9911"|30|3.2|0|1|1|0|0.128698325080156
"9921"|33|3.3|1|0|1|0|0.108480800817278
"9923"|36|3.1|1|0|1|0|0.401098966589519
"9924"|39|3|1|0|1|0|0.520031948552204
"9928"|34|3.4|1|0|1|0|-0.0581090152237848
"9935"|28|3.4|0|1|1|0|-0.124620443519185
"9936"|36|3.1|0|1|1|0|0.233341191049396
"9955"|35|3.4|0|1|1|0|-0.298214006361824
"9961"|30|2.6|0|1|1|0|1.16130312756989
"9965"|29|2.9|1|0|1|0|0.845896251105462
"9968"|31|2.8|0|1|1|0|0.795054482876164
"9975"|28|2.6|0|1|1|0|1.19370101658577
"9978"|38|2.3|0|1|1|0|1.52226043245254
"9980"|33|2.4|0|1|1|0|1.43925867423331
"10001"|30|3.1|1|0|1|0|0.520939446380437
"10012"|28|3.2|0|1|1|0|0.155189813363364
"10018"|34|3.3|0|1|1|0|-0.0791734621069936
"10033"|30|2.9|0|1|1|0|0.626586198066303
"10042"|33|2.7|0|1|1|0|0.926731392036725
"10044"|30|2.8|1|0|0|1|0.535720986022965
"10066"|32|3|0|1|1|0|0.436401458201306
"10093"|30|3|1|0|1|0|0.678037709612477
"10100"|38|2.7|0|1|1|0|0.849177988869433
"10114"|42|3.8|0|1|1|0|-1.03399184233877
"10118"|33|3.1|0|1|1|0|0.284952927533174
"10127"|31|3.2|1|0|0|1|-0.1409503944135
"10133"|33|3.5|0|1|1|0|-0.404267730386189
"10134"|30|3.7|0|1|1|0|-0.70030866560533
"10163"|34|2.9|0|1|1|0|0.588465614037088
"10166"|32|3.1|0|1|1|0|0.296906345855519
"10167"|29|3.2|0|1|1|0|0.169327977636411
"10182"|31|3.6|0|1|1|0|-0.564408216362549
"10194"|28|3.4|1|0|1|0|0.0341537780652851
"10204"|37|2.5|0|1|1|0|1.18977182714276
"10210"|39|2.8|0|1|1|0|0.653240308356328
"10229"|38|2.5|1|0|1|0|1.38663906621944
"10249"|37|2.9|1|0|1|0|0.730808314581844
"10271"|42|2.4|0|1|1|0|1.2894269887304
"10282"|40|3|1|0|1|0|0.505260651875376
"10288"|42|2.4|0|1|1|0|1.27234228179263
"10289"|35|2.8|1|0|1|0|0.937377633927097
"10292"|35|2.9|1|0|1|0|0.767353968578125
"10301"|37|3|1|0|1|0|0.573842612159583
"10353"|32|2.7|0|1|0|1|0.489916007364352
"10358"|41|2.5|1|0|0|1|0.860949650759742
"10360"|46|3.6|1|0|1|0|-0.564657522937032
"10371"|44|3.5|1|0|1|0|-0.38582708566584
"10388"|30|3.6|1|0|0|1|-0.789975196060916
"10397"|43|3.6|0|1|1|0|-0.738276303114245
"10400"|44|3.5|0|1|1|0|-0.56320714336368
"10403"|42|3.6|0|1|1|0|-0.698412378222146
"10425"|42|4|0|1|1|0|-1.37070785819386
"10426"|39|3.5|1|0|0|1|-0.787375876796951
"10445"|44|3.5|1|0|1|0|-0.401035334297178
"10462"|42|3.8|0|1|1|0|-1.02648267778148
"10465"|45|3.3|0|1|1|0|-0.269352999127801
"10469"|44|3.5|1|0|1|0|-0.40473862524183
"10471"|45|3.4|1|0|0|1|-0.694023554025419
"10475"|42|3.6|1|0|1|0|-0.540573701683236
"10488"|37|2.9|1|0|0|1|0.261644598911623
"10501"|42|3.7|1|0|0|1|-1.15034399969704
"10502"|47|3.5|0|1|0|1|-1.09242959178548
"10524"|46|3.7|0|1|1|0|-0.927373195165277
"10525"|42|3.8|0|1|1|0|-1.03297338199353
"10533"|42|3.7|0|1|1|0|-0.879138679448286
"10541"|43|3.6|1|0|1|0|-0.544110620974487
"10548"|45|3.5|0|1|1|0|-0.564341229848712
"10552"|25|2.6|1|0|0|1|0.931147836747311
"10563"|30|3.5|1|0|1|0|-0.152514532937097
"10578"|34|3.3|1|0|1|0|0.09738199487435
"10588"|39|2.5|1|0|1|0|1.34883651052532
"10606"|31|3.2|0|1|1|0|0.133257927239401
"10610"|34|3.1|1|0|1|0|0.42151266000473
"10640"|20|3.1|1|0|0|1|0.188596547757663
"10668"|20|3.2|1|0|0|1|0.0327306507126541
"10679"|35|2.2|0|1|1|0|1.74040301671806
"10681"|28|2.4|0|1|0|1|1.06679754994241
"10685"|33|2.6|0|1|1|0|1.12595693944623
"10687"|20|2.7|1|0|0|1|0.881982955336458
"10695"|30|2.7|1|0|0|1|0.722661648768092
"10697"|26|2.1|0|1|1|0|2.03666142498082
"10707"|36|2.6|0|1|0|1|0.596322619871602
"10710"|42|3|0|1|1|0|0.305052043735773
"10719"|41|3.8|1|0|1|0|-0.838422294736886
"10721"|45|3.5|1|0|1|0|-0.40477244393161
"10730"|26|3.2|0|1|0|1|-0.259840440779719
"10737"|29|2.6|0|1|0|1|0.698107660558816
"10775"|42|2.9|0|1|1|0|0.465970970636878
"10783"|33|3.9|1|0|1|0|-0.879043304337335
"10788"|39|3.4|1|0|0|1|-0.604414342420158
"10794"|38|3.4|1|0|1|0|-0.144432872127044
"10795"|40|3.7|0|1|1|0|-0.852102077351585
"10798"|42|3.3|0|1|1|0|-0.198262180817261
"10799"|33|3.6|1|0|1|0|-0.350336218488541
"10802"|32|2.7|1|0|0|1|0.68447833061972
"10807"|34|3.6|0|1|1|0|-0.599684850726846
"10817"|46|3.2|1|0|1|0|0.0983158802240294
"10818"|39|3.5|1|0|1|0|-0.308325552428194
"10823"|37|3.3|0|1|1|0|-0.142223792418765
"10836"|39|3.7|0|1|1|0|-0.81332414646182
"10844"|36|3.5|0|1|1|0|-0.44242677009964
"10849"|39|3.5|1|0|1|0|-0.322178307104993
"10867"|40|3.3|0|1|1|0|-0.181604178538171
"10870"|36|2.8|1|0|1|0|0.895165717652597
"10888"|41|2.9|0|1|1|0|0.478456581845213
"10889"|41|3.6|1|0|1|0|-0.498007692367515
"10903"|39|3.6|0|1|1|0|-0.658394974868082
"10904"|38|3.6|0|1|1|0|-0.638753238975442
"10906"|36|3.4|1|0|1|0|-0.0987942098464078
"10907"|38|3.4|1|0|1|0|-0.120534368562383
"10911"|22|2.4|0|1|0|1|1.15471725414397
"10927"|38|3.3|1|0|1|0|0.0468361239621317
"10932"|42|3.1|0|1|1|0|0.147291064173225
"10940"|40|2.8|1|0|0|1|0.377121705410097
"10954"|33|3.5|0|1|1|0|-0.397662390142489
"10956"|32|3.2|0|1|1|0|0.136056983778767
"10992"|36|3.1|0|1|1|0|0.219679753963508
"10997"|37|3.8|0|1|1|0|-0.963942518787986
"11003"|35|3.4|1|0|1|0|-0.068701274851334
"11008"|37|2.7|1|0|1|0|1.05707163927987
"11013"|34|2.9|1|0|1|0|0.786418556952761
"11020"|27|3.7|1|0|1|0|-0.467035740485927
"11043"|38|3.1|0|1|1|0|0.189527631281185
"11044"|33|3.5|1|0|1|0|-0.243041574400109
"11051"|35|2.9|0|1|1|0|0.569604786209095
"11063"|42|3.7|1|0|1|0|-0.707824503750723
"11066"|24|3.2|0|1|1|0|0.246203345461833
"11067"|33|3.2|1|0|1|0|0.279198891512007
"11069"|38|3.2|0|1|0|1|-0.451057063869346
"11082"|41|3.8|1|0|1|0|-0.851694371026967
"11107"|39|3.6|1|0|1|0|-0.485052061935167
"11114"|35|3.9|1|0|1|0|-0.903827450671333
"11146"|36|3.4|1|0|1|0|-0.113526577043399
"11154"|36|3.6|0|1|1|0|-0.636708969589873
"11202"|42|2.3|0|1|1|0|1.46585905391247
"11208"|33|3.6|0|1|1|0|-0.563309927787274
"11223"|39|3.3|0|1|1|0|-0.165981544676213
"11241"|31|2.8|0|1|1|0|0.775857523872958
"11252"|35|2.9|0|1|1|0|0.580474042890056
"11274"|40|3.5|0|1|1|0|-0.533340404824866
"11278"|40|3.4|1|0|1|0|-0.160323745578656
"11287"|41|3.1|0|1|1|0|0.142790603081583
"11296"|40|3.3|0|1|1|0|-0.147146688281719
"11299"|37|3.7|0|1|1|0|-0.796620481377662
"11302"|44|3.3|1|0|1|0|-0.04967801547932
"11318"|37|3.9|0|1|1|0|-1.15459232669272
"11321"|43|3.6|0|1|1|0|-0.719533344244396
"11322"|38|3.6|1|0|1|0|-0.505372175537402
"11323"|30|3.8|1|0|1|0|-0.644145403516509
"11329"|42|3.2|0|1|1|0|-0.0295362276612732
"11331"|38|3.8|1|0|1|0|-0.802420003556961
"11352"|32|3.3|0|1|1|0|-0.0920367873537088
"11357"|41|3.4|0|1|1|0|-0.362505921141607
"11385"|37|3.7|1|0|1|0|-0.639646868987244
"11389"|30|2.7|1|0|0|1|0.736187233607058
"11391"|34|3|0|1|1|0|0.415776851870227
"11397"|30|2.7|0|1|1|0|0.980063502599725
"11404"|36|2.8|0|1|1|0|0.752148478707615
"11406"|35|2.8|0|1|1|0|0.729034178862649
"11422"|34|2.4|0|1|0|1|0.987883417234494
"11425"|35|2.9|0|1|1|0|0.540408405814611
"11460"|38|2.5|0|1|1|0|1.17056262485953
"11464"|31|2.6|0|1|0|1|0.695362674183344
"11483"|39|2.3|1|0|1|0|1.69314964268748
"11488"|36|3.1|0|1|1|0|0.221064370953803
"11495"|35|3.1|0|1|1|0|0.231285488393325
"11498"|37|2.9|1|0|1|0|0.744997006332007
"11544"|32|2.8|0|1|0|1|0.303825452137655
"11551"|30|3|0|1|1|0|0.488063503835455
"11590"|34|2.8|1|0|0|1|0.508299949972085
"11595"|34|3|0|1|0|1|-0.00970326183482381
"11606"|37|2.5|1|0|0|1|0.917765555609494
"11617"|26|2.8|0|1|1|0|0.878751866650237
"11639"|37|3|1|0|1|0|0.555920123647596
"11642"|34|2.8|1|0|0|1|0.489662312511469
"11652"|35|3.1|0|1|0|1|-0.233112420180887
"11679"|36|3.5|1|0|1|0|-0.266161237584995
"11688"|30|2.9|1|0|0|1|0.369120518135889
"11708"|40|3.1|1|0|1|0|0.324129080001165
"11709"|30|3.1|1|0|0|1|0.0461203543903504
"11721"|41|3.5|0|1|1|0|-0.53348569067362
"11722"|43|2.8|0|1|1|0|0.604915355438826
"11728"|30|3.4|1|0|0|1|-0.471074220774382
"11732"|39|3.7|0|1|1|0|-0.852212197586394
"11744"|46|3.3|1|0|1|0|-0.0730328170855332
"11760"|41|3.1|0|1|1|0|0.148218627987777
"11763"|43|3|1|0|1|0|0.491612207850012
"11780"|39|3|0|1|1|0|0.380794772295331
"11791"|43|3.6|0|1|1|0|-0.695317454452447
"11793"|36|3.7|1|0|1|0|-0.58523753634722
"11800"|41|2.7|0|1|0|1|0.330461611782743
"11816"|43|3|1|0|1|0|0.467869860276682
"11824"|36|3.2|1|0|1|0|0.223732572355464
"11841"|38|3.2|1|0|1|0|0.207992050247619
"11844"|44|3.7|0|1|1|0|-0.921648691956879
"11868"|32|3.6|0|1|0|1|-1.03371842804315
"11886"|37|3.4|1|0|1|0|-0.10611905365533
"11898"|32|3.3|1|0|1|0|0.127547895283654
"11903"|32|3.4|1|0|1|0|-0.027551224282373
"11906"|31|3.3|1|0|1|0|0.146897905662684
"11924"|28|3.2|0|1|1|0|0.170362037448834
"11932"|36|3.8|1|0|1|0|-0.787482002835634
"11941"|24|2.6|1|0|0|1|0.945101939592676
"11960"|35|3.2|0|1|1|0|0.0781256369349886
"11988"|31|3.5|0|1|1|0|-0.350253802513849
"11998"|34|3|0|1|1|0|0.408868466531731
"12025"|37|3.2|1|0|1|0|0.237429377615989
"12026"|35|3|0|1|1|0|0.401705614587429
"12027"|30|3.3|1|0|1|0|0.179739681243908
"12054"|30|3.3|1|0|1|0|0.199678907808854
"12080"|32|3.7|0|1|1|0|-0.712958534107123
"12083"|35|3.5|1|0|1|0|-0.270020603466311
"12090"|41|3.6|0|1|1|0|-0.697206575535713
"12091"|39|3.8|1|0|1|0|-0.787880113496245
"12098"|36|3.8|0|1|1|0|-0.946491610386792
"12122"|31|3.7|1|0|1|0|-0.537785767346021
"12123"|35|3.2|1|0|1|0|0.259747920826515
"12132"|40|3.2|1|0|1|0|0.196400212402472
"12141"|35|3.4|0|1|1|0|-0.257242985530384
"12177"|43|4|0|1|1|0|-1.37143898211225
"12178"|36|3.5|1|0|0|1|-0.717895408057755
"12182"|39|3.1|0|1|1|0|0.171290804176909
"12186"|41|3.4|1|0|1|0|-0.192689038702017
"12203"|36|3.7|1|0|0|1|-1.05471482182985
"12204"|35|3|1|0|0|1|0.137599478712258
"12213"|42|3.2|1|0|1|0|0.136839821715069
"12222"|38|3.5|0|1|1|0|-0.497805088673024
"12223"|30|3|1|0|0|1|0.19181081093141
"12227"|44|3.1|1|0|1|0|0.2868199092869
"12239"|35|3.6|1|0|1|0|-0.416367759931142
"12259"|44|3.5|1|0|1|0|-0.413890563761865
"12261"|38|3.5|1|0|1|0|-0.311973567362739
"12269"|38|2.6|0|1|1|0|1.01925824034768
"12277"|38|3.4|0|1|1|0|-0.344684822785021
"12288"|38|2.9|0|1|1|0|0.532804365306272
"12292"|29|3.5|1|0|0|1|-0.616759879035773
"12298"|37|3.6|1|0|1|0|-0.465366158103345
"12318"|37|3.7|1|0|1|0|-0.612414946359933
"12326"|41|3.3|0|1|1|0|-0.199120370339593
"12332"|36|3.7|1|0|1|0|-0.596886654449159
"12333"|32|3.6|1|0|1|0|-0.378937291796309
"12340"|39|2.7|1|0|1|0|1.02419372808444
"12360"|43|3.5|0|1|1|0|-0.556005919026854
"12370"|33|3.3|1|0|1|0|0.112166764145216
"12371"|34|2.8|0|1|1|0|0.761246388762742
"12374"|34|3.4|1|0|1|0|-0.0725264764226905
"12378"|33|3.4|0|1|1|0|-0.220426666139514
"12401"|38|2.7|1|0|1|0|1.03496497622916
"12403"|33|3.3|1|0|1|0|0.103933506392432
"12406"|41|2.5|0|1|1|0|1.15977026965676
"12420"|36|3.1|0|1|1|0|0.227065687319633
"12446"|42|2.6|0|1|1|0|0.965661704262412
"12461"|36|3|0|1|1|0|0.392011607435714
"12466"|37|2.7|0|1|1|0|0.875236266535796
"12468"|28|3.4|1|0|1|0|0.0267531817142966
"12473"|33|2.6|1|0|1|0|1.27865258257473
"12474"|37|3.7|1|0|1|0|-0.616069947662986
"12477"|37|2.9|0|1|1|0|0.548319614545262
"12478"|39|2.5|0|1|1|0|1.16872675687026
"12486"|33|2.9|1|0|1|0|0.771518664282751
"12487"|38|2.6|0|1|1|0|1.02844882609593
"12495"|29|3|0|1|1|0|0.52121436656666
"12506"|37|3.7|0|1|1|0|-0.796550791253939
"12514"|41|3.2|1|0|1|0|0.177967843474722
"12518"|39|2.4|0|1|1|0|1.3546209156039
"12530"|36|2.6|0|1|1|0|1.07293380395078
"12537"|35|3.6|1|0|1|0|-0.416608082623246
"12547"|37|2.8|0|1|1|0|0.694026539438301
"12580"|35|3.2|0|1|1|0|0.0668630329161587
"12600"|28|3.3|0|1|1|0|0.00612981723713212
"12602"|25|2.4|0|1|1|0|1.55586944948798
"12629"|27|2.5|1|0|0|1|1.11549462745971
"12642"|26|3.1|0|1|0|1|-0.0639837368348202
"12646"|33|3.1|0|1|1|0|0.286000263287897
"12649"|33|3.3|1|0|1|0|0.128735430657675
"12667"|34|3|0|1|1|0|0.428476666293177
"12686"|36|3.9|0|1|1|0|-1.08984662270685
"12706"|31|2.8|1|0|1|0|0.974499112888429
"12739"|45|3.3|1|0|1|0|-0.0699560603645193
"12742"|33|2.8|0|1|0|1|0.301167545584786
"12750"|40|3.9|1|0|1|0|-0.995570406516725
"12751"|24|2.4|1|0|1|0|1.76164309748135
"12752"|36|3.4|1|0|1|0|-0.107466711476816
"12758"|32|2.9|1|0|1|0|0.813423961838371
"12759"|33|2.9|0|1|1|0|0.580187700094701
"12779"|42|3.1|0|1|1|0|0.141390127715872
"12780"|42|2.9|0|1|1|0|0.453249911037018
"12795"|31|3.2|1|0|0|1|-0.160146329578625
"12813"|42|3.7|1|0|1|0|-0.680302628749918
"12818"|47|3.7|0|1|1|0|-0.951474159731243
"12821"|44|4|0|1|1|0|-1.41613008197728
"12842"|46|3.3|1|0|1|0|-0.103335404180271
"12846"|47|3.8|0|1|1|0|-1.12546362352656
"12849"|45|3.9|1|0|1|0|-1.08770664300205
"12858"|48|3|1|0|0|1|-0.0936186787881611
"12878"|48|3.9|0|1|0|1|-1.77112346957873
"12915"|44|3.9|0|1|1|0|-1.22512350535075
"12919"|31|3.6|1|0|0|1|-0.812771221594044
"12927"|38|3|0|1|0|1|-0.116086858365155
"12928"|44|3.8|0|1|1|0|-1.08775996150554
"12935"|33|3.5|0|1|1|0|-0.418941993639059
"12968"|38|3.8|0|1|1|0|-0.995630368373297
"12992"|41|3.4|1|0|1|0|-0.200347524213078
"13009"|40|3.7|0|1|1|0|-0.845184917400705
"13012"|36|3.9|1|0|1|0|-0.923600722655597
"13021"|38|3.9|0|1|1|0|-1.14907097599586
"13027"|43|3.4|1|0|1|0|-0.197653466501513
"13048"|38|4|1|0|1|0|-1.15580482999315
"13066"|40|3.4|1|0|1|0|-0.140762008561892
"13073"|32|3.8|1|0|1|0|-0.70087652821542
"13082"|42|3.6|1|0|1|0|-0.525919471097557
"13098"|36|3.9|1|0|1|0|-0.943322898959427
"13115"|42|3.4|0|1|1|0|-0.36979166849596
"13121"|42|3.4|1|0|1|0|-0.201416826655847
"13123"|44|3|1|0|1|0|0.422452010209237
"13136"|39|3.5|1|0|1|0|-0.313808512675545
"13141"|34|3.2|1|0|0|1|-0.186359154535591
"13149"|42|3.3|0|1|1|0|-0.228800660572536
"13172"|40|3.6|1|0|1|0|-0.497117528188134
"13178"|43|3.1|0|1|1|0|0.111622976906944
"13188"|28|2.5|1|0|0|1|1.04952124002563
"13191"|39|4|1|0|1|0|-1.14552534185524
"13207"|42|2.9|0|1|0|1|0.0380690792737973
"13246"|45|3.7|1|0|1|0|-0.718434092384877
"13254"|42|3.3|0|1|1|0|-0.19329719952137
"13261"|44|3.6|0|1|1|0|-0.759882245821388
"13267"|44|3.7|1|0|1|0|-0.721983699109912
"13269"|42|3.4|0|1|1|0|-0.379644352071581
"13270"|45|3.6|0|1|1|0|-0.745928101046107
"13279"|45|3.4|1|0|1|0|-0.229004672709184
"13289"|47|3.4|1|0|1|0|-0.272873746789278
"13295"|36|3.6|1|0|1|0|-0.443077741875857
"13296"|30|3.6|0|1|0|1|-0.980508503853701
"13297"|44|3.6|0|1|0|1|-1.19855309691597
"13309"|42|3.5|1|0|1|0|-0.363975643464819
"13314"|47|3.6|0|1|1|0|-0.798039498542191
"13315"|43|3.5|1|0|1|0|-0.35857817356971
"13328"|44|3.8|0|1|1|0|-1.06816889351838
"13346"|39|2.8|0|1|1|0|0.664612439891877
"13356"|48|2.9|0|1|1|0|0.356829625805971
"13357"|42|3.6|0|1|1|0|-0.683518983788626
"13369"|40|2.9|0|1|1|0|0.483866917076424
"13390"|35|3.4|0|1|1|0|-0.24338238100637
"13399"|37|3.5|0|1|1|0|-0.468007530866757
"13449"|37|3.8|1|0|1|0|-0.783894822762398
"13453"|33|2.9|0|1|0|1|0.133420929862235
"13465"|40|2.9|1|0|1|0|0.696825240463111
"13472"|27|2.5|1|0|0|1|1.07832665219595
"13474"|43|3.4|0|1|1|0|-0.371823097317697
"13488"|37|3.5|1|0|1|0|-0.272080358889562
"13495"|39|3.2|0|1|1|0|0.00254396700220199
"13534"|38|3.2|0|1|0|1|-0.428496290208377
"13546"|45|3|0|1|1|0|0.233762645546097
"13550"|48|3.8|1|0|1|0|-0.934835870350517
"13551"|45|3.8|0|1|1|0|-1.08888790308194
"13556"|47|3.1|1|0|1|0|0.238595146600117
"13559"|48|3.5|0|1|1|0|-0.640295034365819
"13568"|39|3.8|0|1|1|0|-0.976970507380734
"13596"|30|2.9|1|0|0|1|0.374606256433726
"13597"|43|3.9|0|1|1|0|-1.21217947101522
"13603"|40|3.5|0|1|1|0|-0.527838612263246
"13605"|43|3.8|0|1|1|0|-1.04786645889509
"13610"|45|3.6|1|0|1|0|-0.597594485968965
"13624"|47|3.5|0|1|1|0|-0.623825710841018
"13630"|42|3.7|1|0|1|0|-0.695068285253301
"13640"|42|3.7|1|0|1|0|-0.681712891475912
"13646"|46|4|1|0|1|0|-1.24017142188966
"13650"|34|3.3|0|1|0|1|-0.535262536081917
"13660"|38|3|0|1|1|0|0.374317075138188
"13681"|36|3|0|1|0|1|-0.0541219531829594
"13685"|41|2.9|0|1|1|0|0.458221044951132
"13698"|41|3.1|0|1|1|0|0.122614633917139
"13707"|45|2.9|1|0|1|0|0.595895505004437
"13714"|42|2.6|1|0|1|0|1.15440883384882
"13719"|41|3|1|0|1|0|0.481946623915663
"13742"|34|3.7|0|1|1|0|-0.7563046800329
"13743"|40|3.5|1|0|1|0|-0.33682953293345
"13789"|47|3|0|1|1|0|0.229755018200275
"13792"|36|3.3|0|1|1|0|-0.106096372062851
"13795"|35|4|1|0|1|0|-1.06486015846041
"13811"|39|3.5|0|1|1|0|-0.455906979868212
"13812"|42|2.8|0|1|1|0|0.641012278995657
"13818"|38|3.6|0|1|1|0|-0.648039142844847
"13819"|42|3.4|0|1|1|0|-0.382907653949409
"13858"|37|3.6|0|1|1|0|-0.626305672876393
"13860"|40|3.2|0|1|1|0|0.0100747052932366
"13865"|33|2.7|1|0|0|1|0.669036028414048
"13885"|37|3.4|0|1|1|0|-0.309895595585333
"13901"|40|3|0|1|1|0|0.341329698216729
"13907"|40|2.2|0|1|0|1|1.2320279145727
"13942"|42|2.7|0|1|1|0|0.79589342183284
"13952"|31|3|0|1|0|1|0.0242996954912422
"13986"|35|3.7|0|1|1|0|-0.781142707201215
"14007"|40|2.5|0|1|1|0|1.17508781886088
"14018"|28|2.8|0|1|1|0|0.838518087022154
"14027"|38|2.7|1|0|1|0|1.04309646853387
"14051"|39|2.8|1|0|1|0|0.85044932342133
"14067"|41|2.4|0|1|1|0|1.32044980777503
"14079"|39|3|1|0|1|0|0.5587559026511
"14087"|36|3.2|1|0|1|0|0.255497228313048
"14091"|39|2.8|0|1|1|0|0.707684529834589
"14099"|37|3.1|1|0|1|0|0.374119055781252
"14114"|34|2.9|0|1|1|0|0.563881427300778
"14120"|32|3.9|1|0|1|0|-0.909416873489513
"14121"|33|2.4|1|0|1|0|1.60614445019681
"14141"|36|2.9|0|1|1|0|0.565209241473691
"14155"|35|3.2|1|0|1|0|0.25135791714387
"14162"|36|3.1|1|0|1|0|0.397191608008468
"14174"|36|2.7|1|0|1|0|1.07076803467539
"14176"|39|3|1|0|1|0|0.509513485857822
"14207"|32|3|1|0|1|0|0.621747121083494
"14208"|33|3.6|1|0|1|0|-0.36096926166724
"14213"|40|2.6|0|1|1|0|0.998919628828262
"14217"|33|3.2|0|1|1|0|0.0802935026843238
"14222"|30|3.7|0|1|1|0|-0.705693973359702
"14242"|37|3.3|1|0|1|0|0.0418724362390317
"14246"|28|2.9|0|1|0|1|0.230665565630377
"14255"|28|2.7|0|1|0|1|0.574542038675915
"14263"|36|3.5|1|0|1|0|-0.265924176515803
"14271"|34|3.5|1|0|1|0|-0.23298938650956
"14295"|34|3.6|0|1|1|0|-0.594904314878873
"14308"|28|2.9|1|0|0|1|0.419853397270861
"14310"|41|3.5|1|0|1|0|-0.360705040268039
"14317"|34|3.9|1|0|1|0|-0.905656663867328
"14334"|33|2.6|0|1|1|0|1.08857466534276
"14377"|31|2.7|0|1|0|1|0.511015539623773
"14388"|18|3.7|0|1|0|1|-0.996716869638708
"14401"|27|2.9|0|1|1|0|0.675771629660367
"14403"|40|2.6|0|1|1|0|1.01219021573341
"14409"|35|2.9|1|0|1|0|0.746463961071036
"14415"|34|2.8|0|1|1|0|0.750641534760381
"14416"|35|3|1|0|1|0|0.579689949211521
"14426"|33|3.4|1|0|1|0|-0.0739648260801844
"14428"|26|3|1|0|0|1|0.253348811417766
"14431"|14|3.2|1|0|0|1|0.139887470514613
"14434"|34|2.6|0|1|1|0|1.09530934864293
"14451"|32|3.5|1|0|1|0|-0.181198257187643
"14478"|32|3.8|0|1|1|0|-0.896302255738908
"14483"|37|3.3|0|1|1|0|-0.10590428366065
"14494"|27|3.4|0|1|0|1|-0.617346477878083
"14511"|26|3.6|1|0|0|1|-0.74046053958418
"14518"|25|2.9|0|1|1|0|0.744309939760863
"14537"|39|3.5|0|1|1|0|-0.486749787344572
"14544"|38|3.8|0|1|1|0|-0.967180598876161
"14549"|40|3.1|1|0|1|0|0.359139478078686
"14557"|38|3.1|1|0|1|0|0.38957051803249
"14573"|37|3.4|1|0|1|0|-0.0934979697112514
"14583"|38|2.4|1|0|0|1|1.07103720950558
"14611"|31|3.9|1|0|0|1|-1.33507497765743
"14619"|35|3|0|1|0|1|-0.0639116326208046
"14637"|39|3.4|1|0|1|0|-0.138024981421109
"14638"|39|3.2|0|1|1|0|0.00458885065085015
"14645"|29|3.1|0|1|0|1|-0.106631425505488
"14655"|30|2.9|0|1|0|1|0.153114272300221
"14660"|38|3.4|0|1|1|0|-0.323680471502979
"14673"|36|3.8|0|1|1|0|-0.943132790438176
"14680"|36|2.5|0|1|1|0|1.22017935675654
"14693"|40|2.5|0|1|1|0|1.12614734343721
"14704"|30|3.8|0|1|1|0|-0.860517127479413
"14715"|37|4|1|0|1|0|-1.09454459193926
"14718"|42|3.6|0|1|1|0|-0.700370720251317
"14721"|29|3.5|1|0|1|0|-0.190378050488598
"14727"|33|3.6|0|1|1|0|-0.573427682499095
"14730"|33|3.5|1|0|1|0|-0.209412412992688
"14731"|25|3.7|1|0|1|0|-0.422288261501269
"14736"|26|3.3|0|1|1|0|0.0465225316780293
"14748"|26|2.5|0|1|0|1|0.895165795224841
"14785"|42|3.9|0|1|1|0|-1.19362354893297
"14803"|48|4.1|0|1|1|0|-1.64683992235064
"14814"|48|3.5|0|1|1|0|-0.60222604640862
"14830"|44|3.9|1|0|1|0|-1.04963583208225
"14840"|42|2.9|0|1|1|0|0.460031784172782
"14847"|32|2.5|1|0|0|1|1.00356304614759
"14850"|37|3.5|1|0|1|0|-0.294349171643346
"14866"|38|3.2|1|0|1|0|0.208418231187564
"14897"|40|3.3|1|0|1|0|0.00257697891420519
"14901"|44|3.4|0|1|1|0|-0.42320700244176
"14911"|37|3.5|0|1|1|0|-0.451643431293806
"14920"|39|3.3|0|1|1|0|-0.163607018815733
"14921"|38|3|0|1|1|0|0.370928946840934
"14924"|37|3.7|0|1|1|0|-0.803081741035493
"14934"|39|3.2|1|0|1|0|0.176586025389699
"14940"|40|2.6|0|1|1|0|0.978564819189183
"14950"|39|3.2|0|1|1|0|-0.0170183257544676
"14951"|36|3.3|1|0|1|0|0.0463442105627946
"14975"|48|3.4|0|1|1|0|-0.487606712670695
"14983"|36|3.5|1|0|1|0|-0.23793166498613
"15023"|39|2.5|0|1|1|0|1.1719679856832
"15028"|33|3|1|0|0|1|0.176517161023429
"15033"|34|3.4|1|0|1|0|-0.0838592516778252
"15044"|34|3.1|1|0|1|0|0.431801901429976
"15047"|33|3.5|1|0|1|0|-0.229243883529954
"15062"|18|3.5|1|0|0|1|-0.456433952382199
"15078"|37|2.9|0|1|1|0|0.537250330014097
"15085"|31|3.1|1|0|1|0|0.494404691476034
"15099"|30|3.3|0|1|1|0|-0.0176654773420224
"15108"|32|3.2|0|1|1|0|0.131824021851362
"15110"|30|3.4|1|0|1|0|-0.000413044421427378
"15132"|34|2.6|0|1|1|0|1.08005975316821
"15137"|36|3.2|0|1|1|0|0.0182349004470472
"15139"|34|3.5|1|0|1|0|-0.247731206160826
"15143"|35|2.9|1|0|1|0|0.742472916623838
"15177"|31|3|0|1|1|0|0.465366113548773
"15184"|33|2.8|0|1|1|0|0.761947444799309
"15194"|32|3|0|1|1|0|0.440025935126606
"15202"|32|3.2|1|0|1|0|0.317856774145495
"15206"|34|3.2|1|0|1|0|0.237292157729018
"15223"|38|3.7|1|0|1|0|-0.62701404054387
"15227"|32|3.3|0|1|1|0|-0.0627859090343588
"15234"|35|2.5|0|1|1|0|1.22619853159833
"15241"|27|3.2|0|1|1|0|0.217569251616609
"15242"|28|3.1|1|0|1|0|0.535285036794162
"15247"|41|2.4|0|1|1|0|1.31643046988978
"15252"|18|2.9|1|0|0|1|0.577393524572224
"15258"|31|2.8|0|1|1|0|0.796317055854201
"15269"|26|3.1|1|0|0|1|0.108666729757822
"15274"|30|2.4|1|0|0|1|1.20944132382768
"15286"|37|2.8|1|0|0|1|0.44947256633084
"15288"|28|2.8|0|1|0|1|0.394745696202061
"15296"|20|2.4|0|1|0|1|1.17783472373045
"15304"|23|2.9|0|1|0|1|0.291034138600862
"15306"|29|2.7|0|1|1|0|0.995161836093775
"15336"|27|2.5|0|1|0|1|0.901240775843018
"15364"|41|2.7|0|1|1|0|0.805623540972196
"15388"|36|3.2|0|1|0|1|-0.410118426563993
"15395"|29|3.8|1|0|1|0|-0.64357140905768
"15400"|35|3.1|0|1|1|0|0.262122593636698
"15407"|36|3|0|1|1|0|0.383701343087516
"15421"|39|3.5|1|0|1|0|-0.320876465336237
"15426"|39|2.8|1|0|1|0|0.855114528742222
"15433"|36|2.4|0|1|0|1|0.933141357279408
"15461"|36|3.4|0|1|0|1|-0.718569856296485
"15479"|31|3.4|1|0|1|0|-0.00777113968034517
"15505"|43|2.8|0|1|1|0|0.615620478329763
"15544"|42|3|1|0|1|0|0.479862339841972
"15549"|33|2.3|0|1|1|0|1.61990243391217
"15565"|38|3.7|1|0|1|0|-0.652165300309466
"15578"|38|3.5|0|1|1|0|-0.492394042871748
"15581"|46|3.9|0|1|1|0|-1.28105916442246
"15596"|46|3.9|0|1|1|0|-1.26975559835521
"15605"|37|3.6|1|0|0|1|-0.909828548868754
"15615"|46|3.9|0|1|1|0|-1.27745950114331
"15620"|46|3|1|0|1|0|0.409969676772312
"15621"|48|3.8|0|1|1|0|-1.13821386942311
"15638"|46|3.7|0|1|0|1|-1.3758923870447
"15661"|32|2.7|0|1|1|0|0.932784818949298
"15672"|40|3.3|0|1|1|0|-0.185553445716931
"15677"|31|3.8|0|1|1|0|-0.864036681066361
"15678"|37|3.3|0|1|1|0|-0.109582275784537
"15694"|31|2.8|0|1|1|0|0.791481135771615
"15699"|36|3.2|0|1|1|0|0.0653653998222215
"15701"|37|3.6|1|0|1|0|-0.448700493672723
"15702"|41|3.5|1|0|1|0|-0.340241320206251
"15705"|42|2.8|0|1|1|0|0.622811420914124
"15707"|28|3.1|1|0|1|0|0.512274618264282
"15729"|38|2.8|0|1|1|0|0.670027940858688
"15733"|34|3.4|1|0|1|0|-0.050357486923304
"15739"|33|3.8|0|1|1|0|-0.913419912432174
"15740"|38|3|0|1|1|0|0.369972836547824
"15752"|40|3.5|0|1|0|1|-0.96907426599194
"15769"|32|2.9|1|0|1|0|0.774918379053796
"15807"|37|3.8|0|1|1|0|-0.947324761670654
"15820"|33|3.1|1|0|0|1|-0.0262693803989086
"15829"|39|3.7|0|1|1|0|-0.857415299730964
"15835"|37|4|0|1|1|0|-1.2804442638335
"15877"|33|3.8|0|1|1|0|-0.922835773672682
"15911"|32|3.5|0|1|1|0|-0.395353199072341
"15914"|29|3.1|1|0|0|1|0.0590610453836432
"15915"|30|3.2|1|0|1|0|0.327407115511045
"15921"|36|3|0|1|1|0|0.413420878136379
"15930"|27|3.5|0|1|1|0|-0.319136977879052
"15935"|34|3.2|1|0|1|0|0.26803318218923
"15941"|30|3.3|1|0|1|0|0.182065267100159
"15949"|37|2.7|0|1|1|0|0.890323408048753
"15960"|35|3.6|1|0|1|0|-0.406397564785553
"15968"|33|2.9|0|1|1|0|0.597801881935835
"15978"|35|3.1|1|0|1|0|0.392708683148746
"15989"|33|3.1|0|1|1|0|0.281550781987502
"15990"|34|2.9|1|0|1|0|0.756272942839438
"15991"|31|3.3|1|0|0|1|-0.32793563001414
"16000"|32|3.3|0|1|1|0|-0.0545684755623485
"16002"|32|3.1|0|1|1|0|0.289843659796325
"16010"|37|3.5|0|1|1|0|-0.463500837342533
"16011"|44|2|0|1|1|0|1.91938024465996
"16013"|37|3.6|1|0|1|0|-0.444358196517308
"16017"|36|3.1|1|0|1|0|0.401133789626085
"16019"|35|2.3|1|0|1|0|1.75754611608733
"16031"|34|3.4|1|0|1|0|-0.0565005716558279
"16035"|30|3.3|1|0|1|0|0.173456566684856
"16062"|33|3.3|0|1|1|0|-0.0592143332517694
"16066"|34|2.5|0|1|0|1|0.809552300434598
"16072"|30|3|0|1|0|1|0.00596404792037561
"16074"|28|3|0|1|1|0|0.522399753573962
"16077"|36|3.2|0|1|1|0|0.0545671648685201
"16097"|25|2.8|1|0|1|0|1.09206156515544
"16100"|32|3.6|1|0|1|0|-0.358867153889934
"16106"|34|3.9|1|0|1|0|-0.916200426867234
"16116"|42|2.5|0|1|1|0|1.12062713116152
"16121"|36|3|0|1|1|0|0.395574885099363
"16129"|35|3.2|1|0|0|1|-0.223148932662098
"16136"|44|3.9|0|1|0|1|-1.7029890105012
"16140"|42|2.9|1|0|0|1|0.16144139945318
"16146"|42|3.7|0|1|0|1|-1.34373609340744
"16173"|39|3.1|1|0|0|1|-0.109257609591786
"16174"|47|3.6|1|0|0|1|-1.03370674499329
"16179"|45|3.6|0|1|0|1|-1.21762655899095
"16185"|48|3.4|1|0|1|0|-0.282505779847055
"16190"|40|3.5|0|1|0|1|-0.946800212646924
"16209"|42|3.7|0|1|1|0|-0.865617635782451
"16214"|46|3.9|0|1|1|0|-1.27752121060393
"16257"|46|3.5|0|1|1|0|-0.604062255070773
"16275"|41|3.2|0|1|1|0|-0.0115118201100131
"16278"|38|3.3|1|0|1|0|0.00869260409373887
"16308"|35|4|0|1|1|0|-1.29311097296173
"16313"|39|2.7|1|0|1|0|1.02100104091664
"16331"|30|2.9|1|0|1|0|0.83235165742229
"16339"|36|3|0|1|0|1|-0.0718315669409405
"16354"|37|2.2|0|1|0|1|1.24081755693848
"16362"|42|2.6|0|1|1|0|0.968675558939709
"16364"|40|3.9|0|1|1|0|-1.18074791597269
"16372"|43|3.4|1|0|1|0|-0.221612680345647
"16374"|42|3.4|0|1|1|0|-0.381432703873662
"16377"|45|3.7|0|1|1|0|-0.920272618888959
"16383"|43|3.2|0|1|1|0|-0.0747236704214759
"16395"|44|3.6|1|0|1|0|-0.546407764132527
"16419"|43|3.3|0|1|1|0|-0.219436093488422
"16428"|47|3.4|1|0|1|0|-0.286921041977732
"16430"|46|3.4|1|0|1|0|-0.257367967382668
"16441"|48|3.9|0|1|1|0|-1.31166292461227
"16444"|46|3.4|0|1|1|0|-0.442433044652067
"16445"|46|3.7|0|1|1|0|-0.9683171871575
"16454"|48|3.4|0|1|1|0|-0.490907088304227
"16456"|44|3.6|1|0|1|0|-0.571776197432859
"16460"|45|3.5|0|1|1|0|-0.578102739370335
"16468"|44|3|0|1|1|0|0.220527215212794
"16472"|47|3.8|1|0|0|1|-1.4155472594226
"16473"|45|3.5|0|1|1|0|-0.606413348662998
"16535"|32|3.2|1|0|0|1|-0.154443490985898
"16546"|36|3.3|1|0|1|0|0.0682438372589476
"16549"|41|3.7|0|1|1|0|-0.84684130297645
"16550"|32|3.4|1|0|1|0|-0.000295898597255789
"16564"|38|3|0|1|1|0|0.378850114089134
"16587"|44|3.8|1|0|1|0|-0.894915300923751
"16594"|44|3.1|0|1|1|0|0.0598589658652439
"16595"|39|3.6|1|0|1|0|-0.492281210855643
"16604"|36|3.7|1|0|1|0|-0.588520696816679
"16627"|37|3.9|0|1|1|0|-1.14648312460786
"16632"|38|3.9|1|0|1|0|-0.966558628801706
"16635"|40|3.7|0|1|1|0|-0.853599293778643
"16645"|41|3.7|0|1|1|0|-0.851648474967252
"16661"|41|3.1|0|1|1|0|0.149066736044692
"16664"|36|3.4|0|1|1|0|-0.288603081942121
"16675"|41|3.1|0|1|1|0|0.140748314163671
"16679"|41|3.1|1|0|1|0|0.327681381771776
"16680"|43|4|1|0|1|0|-1.23237388519096
"16684"|38|3.4|1|0|1|0|-0.119900819100932
"16720"|35|3.4|0|1|1|0|-0.257778446923089
"16722"|40|2.4|0|1|1|0|1.30183855429526
"16739"|42|3.8|0|1|1|0|-1.0287790448105
"16756"|29|2.6|1|0|0|1|0.920246688312671
"16759"|24|3.1|1|0|0|1|0.133534459617293
"16764"|30|3|1|0|0|1|0.191855878429513
"16774"|34|2.2|0|1|1|0|1.76024021524031
"16793"|34|3.1|0|1|1|0|0.246623484147512
"16796"|34|2.5|0|1|1|0|1.24301422745112
"16816"|32|3.3|0|1|0|1|-0.504344671280342
"16828"|31|2.9|1|0|1|0|0.79858071220318
"16834"|35|2.4|0|1|1|0|1.42258661155435
"16848"|21|2.5|1|0|0|1|1.1833268409967
"16854"|32|3|0|1|1|0|0.442245014424232
"16859"|30|3.4|1|0|0|1|-0.47659382752954
"16871"|34|3|0|1|1|0|0.417132204014198
"16877"|32|2.4|0|1|1|0|1.45835726683647
"16878"|28|3|1|0|0|1|0.237599009940498
"16912"|39|3.1|0|1|1|0|0.150876208836211
"16915"|37|2.4|0|1|1|0|1.37008521298617
"16920"|30|3.8|1|0|1|0|-0.669217761384215
"16935"|42|3.8|1|0|1|0|-0.88806197703541
"16936"|29|2.3|0|1|0|1|1.20652813267312
"16943"|39|4|0|1|1|0|-1.31451202893199
"16948"|37|3.1|0|1|1|0|0.228146105637062
"16954"|39|3|0|1|1|0|0.330302434899694
"16975"|36|3.1|0|1|0|1|-0.247644424477089
"16985"|35|3.4|1|0|1|0|-0.0810472016127095
"16989"|36|3.6|0|1|1|0|-0.614220071244415
"16993"|42|3|0|1|1|0|0.286610884286649
"17006"|38|3|0|1|1|0|0.356160077704651
"17013"|31|3.4|0|1|0|1|-0.689388260148649
"17014"|38|3.3|0|1|1|0|-0.136143448182659
"17019"|37|3.7|1|0|1|0|-0.630477238771517
"17033"|30|3.2|0|1|1|0|0.173024954093543
"17035"|31|3.2|0|1|1|0|0.147765104573998
"17040"|35|2.8|1|0|1|0|0.926670450383953
"17043"|32|3|0|1|1|0|0.422218309615409
"17051"|34|3|0|1|1|0|0.425204379425362
"17055"|27|3.7|0|1|1|0|-0.646754195849566
"17056"|33|3.4|0|1|1|0|-0.24889183003428
"17058"|30|3.9|1|0|1|0|-0.84619003576951
"17069"|29|3.5|1|0|1|0|-0.145521568269628
"17080"|38|3.6|0|1|1|0|-0.659825111340919
"17098"|40|2.6|0|1|0|1|0.526419790192909
"17099"|36|3.3|0|1|1|0|-0.106244277223411
"17100"|38|3.5|1|0|0|1|-0.753276376736668
"17101"|30|2.9|0|1|0|1|0.17049131641531
"17106"|44|3.6|0|1|1|0|-0.720180765351078
"17110"|39|3|1|0|0|1|0.0675403028246337
"17140"|39|3.4|0|1|1|0|-0.331766062558285
"17156"|38|3.6|1|0|1|0|-0.479912091038134
"17158"|41|3.4|1|0|1|0|-0.154188876648582
"17178"|42|3.4|0|1|1|0|-0.383247703144624
"17180"|41|3.6|0|1|1|0|-0.711869576882393
"17197"|37|3|1|0|1|0|0.560305643322216
"17204"|38|2.8|0|1|1|0|0.687016435809284
"17212"|25|2.3|0|1|0|1|1.27142589257604
"17218"|28|3.1|1|0|1|0|0.537327553174617
"17242"|27|2.8|1|0|0|1|0.590055008032808
"17249"|35|3.2|0|1|1|0|0.0883657925664044
"17251"|35|3.3|1|0|0|1|-0.358351921071474
"17253"|40|3.3|1|0|1|0|-0.0153336129934959
"17262"|42|3|0|1|1|0|0.300252027309885
"17263"|45|3.1|1|0|1|0|0.248511650471823
"17267"|43|3.4|1|0|1|0|-0.200950034954501
"17272"|44|2.7|0|1|1|0|0.77561980124951
"17276"|44|3.1|0|1|1|0|0.0857001536956435
"17298"|26|3|1|0|0|1|0.254743833712406
"17319"|42|3.6|0|1|1|0|-0.697059151313342
"17345"|31|2.9|0|1|1|0|0.649159270168369
"17363"|28|3.2|1|0|0|1|-0.0815237109677928
"17368"|28|2.9|0|1|1|0|0.669640416708302
"17374"|26|3.9|1|0|1|0|-0.776001195372273
"17401"|35|3.1|1|0|1|0|0.439876809506865
"17415"|46|4|0|1|1|0|-1.43175314008545
"17424"|28|2.9|0|1|0|1|0.209912674255299
"17426"|34|2.4|0|1|0|1|0.988985804005032
"17444"|42|2.8|0|1|0|1|0.183809010036332
"17450"|38|3.1|0|1|1|0|0.201363680637551
"17458"|39|3.8|1|0|1|0|-0.807515185204091
"17468"|36|3.4|1|0|1|0|-0.0915418670490008
"17473"|32|3.3|0|1|0|1|-0.51658659964739
"17474"|35|3.3|1|0|1|0|0.0795485025262785
"17484"|45|3.6|0|1|1|0|-0.762833631692953
"17487"|34|3.3|0|1|1|0|-0.0759781816708806
"17495"|39|3.2|0|1|1|0|-0.0339993108688189
"17501"|34|3.4|0|1|1|0|-0.219622999920581
"17505"|40|3.2|0|1|1|0|-0.00214954741851573
"17517"|35|3.7|0|1|1|0|-0.762618533117649
"17520"|46|3.9|1|0|1|0|-1.09763469538963
"17521"|42|3.2|0|1|1|0|-0.0604912905676751
"17522"|42|3.1|0|1|1|0|0.140547830563827
"17531"|34|3.1|1|0|1|0|0.454419460109246
"17550"|25|2.4|1|0|0|1|1.27683979638494
"17565"|36|3.4|0|1|1|0|-0.275363906836759
"17576"|26|3.3|1|0|1|0|0.230284594284128
"17621"|40|2.9|0|1|1|0|0.49326135473363
"17623"|30|3.2|0|1|1|0|0.141065389763337
"17631"|27|3.2|0|1|1|0|0.191926846017514
"17649"|31|3.1|0|1|1|0|0.30283763158538
"17657"|36|3.1|0|1|1|0|0.215092972099614
"17660"|25|3.3|1|0|0|1|-0.205653160204994
"17667"|26|2.6|1|0|0|1|0.940597745811189
"17668"|39|3|0|1|1|0|0.344320496875528
"17669"|38|3.6|1|0|1|0|-0.482062553527404
"17682"|22|3|0|1|0|1|0.124580107827847
"17684"|41|2.6|0|1|1|0|0.978467190239895
"17721"|27|2.4|1|0|0|1|1.26999909170733
"17736"|29|3.3|0|1|1|0|0.0319990440818325
"17737"|39|2.6|0|1|1|0|1.00183348019638
"17741"|34|3.1|1|0|1|0|0.435926682010716
"17746"|32|3.2|0|1|1|0|0.118679738828708
"17752"|42|3.7|0|1|1|0|-0.853384259399594
"17758"|25|3.3|1|0|0|1|-0.24146451841238
"17764"|34|3.3|0|1|1|0|-0.0797657437326639
"17770"|33|3.4|1|0|1|0|-0.0264280595892661
"17787"|27|3.2|1|0|0|1|-0.0620359603095037
"17796"|31|3.2|0|1|1|0|0.129391139334266
"17798"|31|3.3|0|1|1|0|-0.0228101743390868
"17801"|31|3.2|1|0|1|0|0.303208180442174
"17810"|29|3.7|0|1|1|0|-0.680803947576271
"17819"|32|3.1|1|0|1|0|0.478837254102014
"17833"|30|3.3|1|0|1|0|0.165465064825349
"17858"|35|2.7|1|0|1|0|1.09672837685842
"17888"|44|3.4|0|1|1|0|-0.399158424204437
"17905"|41|3.6|1|0|1|0|-0.485307190368874
"17932"|42|4|0|1|1|0|-1.36937914444329
"17933"|42|3.7|1|0|1|0|-0.722810466367587
"17934"|47|3.6|0|1|1|0|-0.783239230783951
"17939"|41|3.6|1|0|1|0|-0.502480638811034
"17943"|42|3.5|0|1|1|0|-0.540179470816355
"17950"|37|3.4|0|1|1|0|-0.3010068842976
"17954"|41|3.4|0|1|0|1|-0.800507289426601
"17958"|37|4|0|1|1|0|-1.30562779905608
"17983"|42|3.8|0|1|1|0|-1.03986148248639
"17985"|41|3.4|1|0|1|0|-0.185512774377956
"18003"|42|3.4|0|1|1|0|-0.367778479032307
"18004"|39|3.6|0|1|1|0|-0.656535520801162
"18028"|40|3.4|1|0|1|0|-0.170393636949426
"18047"|47|3.3|0|1|1|0|-0.296527346128312
"18054"|36|3|1|0|0|1|0.123578796100464
"18056"|43|3.3|1|0|1|0|-0.0452844158115671
"18075"|42|3.4|0|1|1|0|-0.37017672148495
"18102"|47|3.5|0|1|1|0|-0.640014163283766
"18126"|38|3|1|0|1|0|0.547015500942899
"18137"|32|3.5|0|1|1|0|-0.392613670356475
"18161"|38|3.4|0|1|1|0|-0.313259284352399
"18171"|42|2.8|0|1|1|0|0.623866139539276
"18220"|35|3.1|1|0|1|0|0.437425316590951
"18231"|38|3.2|0|1|1|0|0.0183056482592137
"18242"|33|3.4|0|1|1|0|-0.234430596751367
"18244"|30|2.3|0|1|1|0|1.66067425004688
"18260"|32|3.3|0|1|1|0|-0.0582161123005473
"18269"|28|3.7|0|1|1|0|-0.675216387162788
"18282"|36|3.1|0|1|1|0|0.224493848336628
"18295"|37|3.3|1|0|1|0|0.0700356567987462
"18316"|35|3.3|0|1|1|0|-0.113103734801953
"18356"|37|3.5|0|1|1|0|-0.462321511491195
"18363"|35|2.5|1|0|1|0|1.43633775065678
"18387"|35|3.6|1|0|1|0|-0.407913023527275
"18391"|41|1.9|0|1|1|0|2.16339638596682
"18392"|37|3|0|1|1|0|0.374389453923187
"18401"|29|3.6|1|0|1|0|-0.319069064962451
"18408"|46|3.2|0|1|1|0|-0.105063289557809
"18410"|22|3.8|1|0|1|0|-0.536252591468464
"18419"|32|2.7|0|1|1|0|0.948719768500672
"18431"|34|3.1|0|1|1|0|0.242130047771313
"18435"|34|3.1|0|1|1|0|0.266541465451549
"18441"|35|2.7|1|0|1|0|1.09661920077092
"18445"|35|2.9|0|1|1|0|0.561688833450913
"18447"|32|3.2|1|0|1|0|0.308438774569871
"18448"|29|3.5|1|0|1|0|-0.149025893386365
"18450"|35|2.7|1|0|1|0|1.06793746076652
"18454"|32|3.4|0|1|1|0|-0.240059529460072
"18460"|40|2.8|0|1|1|0|0.634806740519402
"18473"|22|2.7|1|0|1|0|1.29837265223891
"18483"|37|3.7|1|0|1|0|-0.620264007975871
"18520"|35|3.5|0|1|1|0|-0.420874032780014
"18522"|33|3.6|0|1|1|0|-0.590114662197522
"18524"|32|3.6|0|1|1|0|-0.536637691948079
"18529"|37|3.2|1|0|1|0|0.200539575366549
"18554"|34|3.5|1|0|1|0|-0.252394654877283
"18576"|39|3.2|0|1|1|0|-0.012128777569674
"18577"|38|3.2|1|0|1|0|0.187134145780994
"18579"|39|3.2|1|0|1|0|0.172634840298225
"18583"|45|2.9|0|1|1|0|0.386340666623158
"18600"|43|2.8|1|0|1|0|0.791991761170901
"18607"|36|3.4|0|1|1|0|-0.262872214256907
"18617"|31|3.7|0|1|1|0|-0.659700182924924
"18649"|41|3.5|0|1|1|0|-0.543642720184778
"18651"|38|3.9|1|0|1|0|-0.961741404904532
"18662"|44|3.4|1|0|0|1|-0.678407594265101
"18675"|44|3.5|1|0|1|0|-0.421806803889824
"18680"|44|3.7|1|0|1|0|-0.726364090712141
"18681"|44|3.5|1|0|0|1|-0.840579200470007
"18686"|42|3.9|0|1|1|0|-1.19255375861448
"18697"|47|3.7|0|1|1|0|-0.984831552017136
"18718"|42|3.7|1|0|1|0|-0.690455475060494
"18724"|48|3|0|1|1|0|0.188609730854111
"18725"|44|3.3|1|0|1|0|-0.062856264911213
"18751"|40|3.4|0|1|1|0|-0.348907514656109
"18752"|40|3.3|0|1|1|0|-0.148889952919173
"18753"|43|3.2|0|1|1|0|-0.068042337537937
"18759"|44|3.1|0|1|1|0|0.092350002907485
"18770"|40|3.5|0|1|1|0|-0.504341954410531
"18774"|40|3.3|0|1|1|0|-0.18502850317196
"18787"|29|3|0|1|0|1|0.0355902875656069
"18791"|40|3.2|0|1|1|0|0.0107666782552098
"18794"|42|3.3|1|0|1|0|-0.0435155060263749
"18796"|44|3.4|1|0|1|0|-0.231811993155023
"18798"|42|3.5|1|0|1|0|-0.339904757602848
"18806"|42|3.4|1|0|1|0|-0.21890901743047
"18817"|45|3.2|0|1|1|0|-0.0810964777902658
"18836"|36|2.7|0|1|0|1|0.436768885825108
"18842"|44|3|0|1|1|0|0.273910264656074
"18848"|48|2.8|1|0|1|0|0.710570214837828
"18851"|42|3.3|0|1|1|0|-0.220506867748106
"18853"|44|3.8|0|1|1|0|-1.06631720485322
"18854"|42|3|0|1|1|0|0.30190789182373
"18858"|41|3.5|0|1|1|0|-0.533403766068001
"18863"|42|3.9|1|0|1|0|-1.0199641729242
"18873"|43|3.1|0|1|1|0|0.133541353576423
"18875"|44|3.1|0|1|1|0|0.0810901425113133
"18877"|43|3|1|0|1|0|0.463619923964419
"18880"|42|3.1|0|1|1|0|0.11710781066225
"18881"|41|3.7|0|1|1|0|-0.869324840967314
"18892"|47|2.9|0|1|1|0|0.404818116553643
"18902"|38|3.5|1|0|1|0|-0.306127605464511
"18923"|41|3.7|1|0|0|1|-1.14939369130635
"18944"|38|3.9|0|1|1|0|-1.11946009725862
"18953"|41|3.9|0|1|1|0|-1.17727797965627
"18954"|44|3.6|0|1|1|0|-0.734616897739904
"18975"|42|4|0|1|1|0|-1.37491918069662
"18983"|41|3.7|0|1|1|0|-0.863453721700964
"18986"|42|3.8|0|1|1|0|-1.03444080215158
"18996"|42|4|1|0|1|0|-1.21973339724127
"19001"|46|3.8|0|1|1|0|-1.11044550644142
"19015"|45|3.6|0|1|1|0|-0.76209580214323
"19018"|38|3.3|1|0|0|1|-0.437178525025026
"19025"|44|3.5|1|0|1|0|-0.374247771340618
"19039"|39|3.4|0|1|1|0|-0.306086415294651
"19049"|35|3.3|0|1|1|0|-0.119407000101517
"19053"|34|3.4|1|0|1|0|-0.0629139208648132
"19056"|39|3.8|0|1|1|0|-0.956599863553541
"19070"|40|2.3|0|1|0|1|1.03399069623132
"19073"|43|3.1|0|1|1|0|0.0836624369301961
"19075"|44|3.2|1|0|1|0|0.110516657489852
"19101"|36|3.7|0|1|0|1|-1.20738275215883
"19109"|38|3.7|1|0|0|1|-1.08624791098431
"19116"|41|3.6|0|1|1|0|-0.698452258980317
"19120"|42|3.7|0|1|1|0|-0.875827089110121
"19127"|48|3.4|1|0|1|0|-0.303045223877256
"19149"|45|3.3|0|1|1|0|-0.251743571140215
"19164"|41|3.6|1|0|1|0|-0.506869475017853
"19198"|38|2.6|0|1|1|0|1.033235955719
"19212"|37|3.2|1|0|1|0|0.231653820320926
"19227"|45|3.1|1|0|1|0|0.265838681857195
"19234"|41|3.3|1|0|1|0|0.00121605558591345
"19250"|41|3.4|1|0|1|0|-0.171974671769221
"19262"|35|3.1|1|0|0|1|-0.0161231287442051
"19265"|38|3.3|0|1|0|1|-0.595874113900498
"19284"|42|3.4|0|1|1|0|-0.342155670708221
"19287"|43|4|1|0|1|0|-1.2149739678256
"19318"|40|3.5|1|0|0|1|-0.761423068205868
"19320"|41|3.8|0|1|1|0|-1.02037019973289
"19325"|36|3.9|0|1|1|0|-1.11288059651602
"19327"|40|3.8|0|1|1|0|-1.03805431473003
"19350"|45|3.8|1|0|1|0|-0.922501398785951
"19367"|40|3.6|1|0|1|0|-0.511876777562237
"19373"|44|3.5|1|0|1|0|-0.396342123651236
"19374"|33|2.7|0|1|0|1|0.491874734173365
"19375"|41|3.7|1|0|1|0|-0.704292486948869
"19429"|40|3.2|0|1|1|0|0.0156040848903783
"19447"|38|3.6|0|1|1|0|-0.642170092089809
"19457"|35|3.1|0|1|1|0|0.246542790732328
"19470"|45|3.1|0|1|1|0|0.0584940501104305
"19471"|40|3.6|1|0|0|1|-0.947259663459034
"19487"|37|3.5|0|1|1|0|-0.464148203351477
"19517"|39|3.3|1|0|1|0|0.0183015968018715
"19524"|41|3.1|0|1|1|0|0.160351071004043
"19533"|36|3.7|0|1|1|0|-0.754499172313698
"19540"|33|3.1|1|0|0|1|-0.00185753477381872
"19561"|36|3.7|1|0|1|0|-0.597343632347896
"19565"|31|3.6|1|0|1|0|-0.377392119949041
"19569"|41|3.1|1|0|1|0|0.331256736429547
"19579"|37|2.8|0|1|1|0|0.706391634439888
"19590"|42|3.5|1|0|0|1|-0.824229353195778
"19592"|41|2.9|0|1|1|0|0.462249340093604
"19619"|42|3.7|1|0|1|0|-0.716145476960066
"19633"|42|3.4|1|0|1|0|-0.178026244278976
"19645"|39|3.2|0|1|1|0|-0.0239487825743723
"19647"|38|3.1|0|1|1|0|0.186810859951766
"19675"|43|3.7|0|1|1|0|-0.894424124928123
"19683"|36|3.4|0|1|0|1|-0.749138785921949
"19687"|40|3.2|0|1|1|0|0.0108544072767934
"19701"|39|2.9|1|0|1|0|0.700438981296155
"19702"|35|2.8|0|1|1|0|0.780290339024869
"19713"|35|3.6|1|0|1|0|-0.404034978012478
"19715"|30|3.7|1|0|1|0|-0.510125038183545
"19726"|35|3.4|1|0|1|0|-0.0694678235769514
"19730"|39|2.4|0|1|1|0|1.35385048494625
"19738"|40|3.5|1|0|1|0|-0.306969643181052
"19745"|40|3.1|1|0|1|0|0.340928481879317
"19747"|38|3|1|0|0|1|0.0876212503992354
"19770"|32|3.6|1|0|1|0|-0.355992685939627
"19778"|28|3.4|0|1|1|0|-0.127729700211995
"19779"|32|3.2|0|1|1|0|0.122834713905909
"19785"|36|3.1|0|1|1|0|0.209689239523376
"19787"|32|3.4|0|1|1|0|-0.210802511901781
"19807"|34|3.3|0|1|1|0|-0.0742891153405472
"19810"|35|3.1|0|1|1|0|0.247918713748904
"19811"|39|3.1|0|1|1|0|0.170948222852912
"19816"|32|3.1|0|1|1|0|0.268267035469212
"19825"|35|3.4|0|1|1|0|-0.274579500055194
"19841"|46|2.6|0|1|1|0|0.873233631530341
"19844"|36|3.2|1|0|1|0|0.22074322232187
"19857"|34|3.5|1|0|1|0|-0.236984692748503
"19872"|32|3.1|1|0|0|1|0.033570587990258
"19873"|39|3.2|1|0|1|0|0.185043958463314
"19877"|38|3|0|1|1|0|0.381640879291076
"19881"|40|3.3|0|1|1|0|-0.138432543097936
"19902"|28|3.2|1|0|1|0|0.361376550643882
"19911"|30|3|0|1|1|0|0.484746226895137
"19919"|30|3.1|0|1|1|0|0.315059135824632
"19922"|27|3.2|0|1|1|0|0.21048594386508
"19924"|38|3.6|0|1|1|0|-0.647395500592096
"19929"|31|3.1|1|0|1|0|0.484904766710989
"19943"|45|2.7|0|1|1|0|0.7235533533364
"19945"|38|3|0|1|1|0|0.375906294484811
"19946"|38|3.5|0|1|1|0|-0.482653946724712
"19957"|44|2.7|0|1|1|0|0.7816696830221
"19976"|37|3.6|0|1|1|0|-0.622549908122677
"20004"|33|3.2|1|0|1|0|0.297471942617567
"20026"|39|2.9|0|1|1|0|0.497776790093656
"20049"|36|3.7|0|1|1|0|-0.782185811945316
"20050"|39|3.3|1|0|1|0|0.0247237017354339
"20054"|27|2.8|0|1|1|0|0.870065073485031
"20069"|36|3.7|1|0|1|0|-0.626942040008014
"20076"|36|3.2|1|0|1|0|0.233591618361405
"20080"|45|2.8|1|0|1|0|0.761290917177954
"20098"|41|3.9|1|0|1|0|-1.00757044473663
"20099"|39|3.3|0|1|1|0|-0.155864769065876
"20108"|35|3.3|0|1|1|0|-0.0926476430088064
"20163"|39|3.5|1|0|1|0|-0.305479877625886
"20169"|38|3.9|1|0|1|0|-0.996888088533977
"20176"|40|3.3|0|1|1|0|-0.152713070136488
"20178"|39|3.4|1|0|1|0|-0.154642217527553
"20179"|40|3.4|1|0|1|0|-0.190023689373023
"20183"|42|3.2|0|1|1|0|-0.0367351015972319
"20190"|45|2.2|0|1|1|0|1.59424561940619
"20203"|41|3.3|0|1|1|0|-0.185399394954968
"20209"|44|3.6|1|0|1|0|-0.571664382223165
"20231"|38|3.5|1|0|1|0|-0.290708572675566
"20241"|48|3.3|0|1|1|0|-0.295940825022983
"20251"|43|3.4|0|1|1|0|-0.407512519970087
"20256"|40|3.8|0|1|1|0|-0.994806834233197
"20265"|45|3.9|1|0|1|0|-1.07020323363526
"20270"|39|3.7|1|0|1|0|-0.662013777200097
"20275"|42|3.4|0|1|1|0|-0.36843520679129
"20278"|28|3.9|1|0|0|1|-1.27635516825737
"20279"|38|3.7|0|1|1|0|-0.809756673537286
"20284"|42|3.7|0|1|1|0|-0.846723741643092
"20289"|45|3.6|1|0|1|0|-0.558272962488366
"20293"|41|3.8|1|0|1|0|-0.821678183777793
"20302"|41|3.8|1|0|1|0|-0.827592691356773
"20318"|24|3.1|1|0|1|0|0.592402854791728
"20325"|33|3.3|0|1|1|0|-0.0592538210552768
"20328"|34|3|0|1|1|0|0.411077722297085
"20335"|35|2.4|0|1|1|0|1.39467123059635
"20336"|35|3.2|1|0|1|0|0.260358249631322
"20337"|30|3.6|0|1|1|0|-0.49950108682976
"20343"|33|3.3|1|0|1|0|0.122944449051016
"20344"|32|3.4|1|0|1|0|-0.016754136149788
"20362"|32|3.5|1|0|1|0|-0.217703870656997
"20376"|28|3.4|1|0|1|0|0.0516391538303201
"20378"|31|3.5|1|0|1|0|-0.185024513501977
"20383"|36|3.1|0|1|1|0|0.215024984489305
"20386"|34|3.1|1|0|1|0|0.414752231510805
"20387"|35|3|1|0|1|0|0.575953202670012
"20390"|33|2.4|0|1|1|0|1.44178141641549
"20391"|35|3.2|0|1|1|0|0.0627896125367575
"20428"|39|3.6|0|1|1|0|-0.669438065779971
"20429"|45|3.1|1|0|1|0|0.253375247429223
"20431"|45|3.4|1|0|1|0|-0.258024289199141
"20437"|45|3.1|1|0|1|0|0.261442488174096
"20441"|38|3.5|0|1|1|0|-0.477062854872088
"20454"|36|3.1|0|1|1|0|0.195097722914894
"20468"|40|3|0|1|1|0|0.318033405593244
"20471"|38|3.1|0|1|1|0|0.199221753679759
"20476"|37|3.2|0|1|1|0|0.0447455410764211
"20478"|37|3.9|1|0|1|0|-0.928915893336297
"20518"|38|3|0|1|1|0|0.364259605407401
"20531"|45|3.7|1|0|1|0|-0.744596642898765
"20535"|30|3.9|0|1|0|1|-1.49177316430264
"20554"|34|2.9|0|1|1|0|0.588632651649032
"20569"|30|3.5|1|0|1|0|-0.167959799770919
"20584"|32|3.5|1|0|1|0|-0.211556381318751
"20600"|22|3.4|1|0|0|1|-0.356954716589333
"20644"|31|3.3|1|0|1|0|0.135513882033892
"20647"|39|3.1|1|0|1|0|0.348862631471692
"20648"|40|3|1|0|1|0|0.505753157894771
"20658"|38|3.1|1|0|1|0|0.377120411920913
"20668"|28|2.5|0|1|0|1|0.91616520302514
"20716"|40|3.7|1|0|1|0|-0.655309423454512
"20719"|35|2.2|0|1|1|0|1.73229419902897
"20731"|32|3|0|1|1|0|0.433028602056891
"20732"|32|3.2|1|0|1|0|0.280336545020294
"20743"|33|3.2|0|1|1|0|0.103290410871415
"20746"|32|2.5|0|1|1|0|1.30853884208695
"20747"|30|3.6|1|0|1|0|-0.316511624063508
"20750"|36|3.4|1|0|1|0|-0.0614280274491335
"20762"|38|2.7|0|1|1|0|0.862368399359424
"20764"|32|3.1|0|1|1|0|0.286750781343801
"20768"|32|3.1|1|0|1|0|0.454560275669115
"20780"|37|3.2|0|1|1|0|0.0536589980748542
"20786"|33|2.7|0|1|1|0|0.916006269680524
"20787"|28|3.8|1|0|1|0|-0.650714474243749
"20812"|23|2.7|0|1|0|1|0.625049973174505
"20838"|42|3.5|1|0|1|0|-0.394574400130739
"20848"|45|3.4|0|1|1|0|-0.437802072078095
"20849"|39|2.6|0|1|1|0|1.00414749215484
"20896"|42|3.1|0|1|1|0|0.112171837373491
"20899"|41|3.4|1|0|1|0|-0.169963076945045
"20903"|33|3.4|0|1|1|0|-0.245367694154197
"20907"|37|3.5|1|0|0|1|-0.769269098899056
"20908"|42|3|1|0|1|0|0.442766037178174
"20909"|37|3.4|1|0|1|0|-0.127040970475875
"20912"|32|2.6|0|1|0|1|0.657753729681308
"20920"|40|3.7|1|0|1|0|-0.653733531385108
"20921"|44|3.2|0|1|1|0|-0.0760269219255878
"20950"|37|3.3|0|1|1|0|-0.12709805028176
"20955"|32|2.9|1|0|0|1|0.334546576865349
"20962"|24|2.9|1|0|0|1|0.472823510498606
"20985"|38|2.9|1|0|1|0|0.69124485238473
"20991"|36|3.5|1|0|1|0|-0.267887953029479
"20998"|33|3.5|0|1|1|0|-0.39728527712853
"21043"|44|2.6|0|1|0|1|0.486381646610382
"21052"|33|2.5|0|1|1|0|1.28365914461287
"21062"|28|3.3|0|1|1|0|0.00498123845479537
"21079"|37|3.5|1|0|1|0|-0.269946844587721
"21083"|36|3.4|0|1|1|0|-0.285605160275056
"21099"|37|3.5|0|1|1|0|-0.468854614095178
"21101"|40|3|0|1|1|0|0.339436810182734
"21111"|38|3.3|0|1|1|0|-0.148472241750437
"21121"|38|3|0|1|1|0|0.326103835727988
"21127"|42|3.5|0|1|1|0|-0.538292216503215
"21140"|36|2.5|0|1|0|1|0.762223240613247
"21142"|35|3.8|0|1|1|0|-0.921874017505681
"21174"|33|2.3|1|0|1|0|1.77796614216447
"21185"|37|3.2|0|1|1|0|0.0514174636838022
"21200"|39|3.7|0|1|1|0|-0.848844142761822
"21217"|43|3.3|1|0|1|0|-0.0402912377423813
"21219"|42|3.3|0|1|1|0|-0.205662495507255
"21238"|32|2.9|1|0|0|1|0.337306033938038
"21240"|48|3.2|0|1|1|0|-0.136437323756867
"21251"|37|3.9|0|1|1|0|-1.14824324707662
"21282"|29|2.9|1|0|0|1|0.393529390932417
"21289"|33|3.1|1|0|1|0|0.450426243015347
"21292"|31|3|0|1|1|0|0.461315688593052
"21305"|37|2.7|0|1|1|0|0.865611336430457
"21311"|31|3|1|0|1|0|0.639393471658994
"21317"|38|3.3|1|0|1|0|0.0282283397166543
"21335"|30|3.3|1|0|1|0|0.172265173004397
"21336"|34|2.8|0|1|1|0|0.740926284275317
"21340"|32|3.4|0|1|1|0|-0.21842017748855
"21346"|37|2.7|0|1|1|0|0.853411648084923
"21361"|31|3.5|1|0|1|0|-0.153870376144559
"21381"|38|2.4|1|0|1|0|1.55270766696973
"21386"|37|3.7|1|0|1|0|-0.608070208513098
"21394"|45|3|0|1|1|0|0.236553605829571
"21397"|36|3.7|1|0|1|0|-0.599219360648866
"21402"|36|3.6|1|0|1|0|-0.432103947701486
"21404"|40|3.4|1|0|1|0|-0.1782104763906
"21405"|34|3|0|1|1|0|0.400617850618227
"21407"|36|3.8|0|1|1|0|-0.945197896741737
"21410"|43|3.1|0|1|1|0|0.10799572576392
"21427"|34|4|0|1|1|0|-1.25645514090745
"21435"|41|3.7|0|1|1|0|-0.847357746795014
"21436"|26|2.8|0|1|0|1|0.419397709396887
"21445"|38|3.5|1|0|1|0|-0.310923406851927
"21448"|39|3.4|0|1|1|0|-0.337479628872308
"21460"|34|3.6|0|1|0|1|-1.05668932213783
"21466"|42|3.4|0|1|1|0|-0.400524335034887
"21468"|44|3.5|0|1|1|0|-0.582258946423338
"21469"|43|3.2|0|1|1|0|-0.0503378552786569
"21478"|48|3.3|0|1|0|1|-0.747725394970621
"21497"|42|3.6|1|0|1|0|-0.537562625351646
"21505"|39|3.8|1|0|1|0|-0.796942144604857
"21523"|43|3.4|0|1|1|0|-0.400851248800148
"21533"|41|3.6|1|0|1|0|-0.515010457950271
"21550"|33|3.2|1|0|1|0|0.288714526009561
"21565"|29|3.6|0|1|1|0|-0.501378011110866
"21586"|24|3|0|1|1|0|0.566600436329146
"21591"|42|3.6|1|0|1|0|-0.560976821473377
"21598"|43|3.5|0|1|1|0|-0.593287962744039
"21599"|35|3.6|1|0|1|0|-0.417454736168563
"21600"|38|3.6|0|1|1|0|-0.64547645140372
"21606"|33|3.4|0|1|1|0|-0.210793720394009
"21608"|32|3.6|0|1|1|0|-0.552064785182691
"21612"|31|2.8|0|1|0|1|0.329610121686042
"21616"|30|3.6|0|1|1|0|-0.522891189009231
"21651"|40|3.1|0|1|1|0|0.155299253455083
"21664"|24|3|0|1|0|1|0.121162847463566
"21675"|33|2.7|1|0|1|0|1.11545874261601
"21681"|39|3.3|1|0|1|0|0.0343081550709948
"21697"|39|3.1|0|1|1|0|0.160778496024665
"21709"|37|3.2|1|0|1|0|0.225832152398727
"21735"|39|2.9|0|1|1|0|0.517768834149297
"21752"|27|3.4|1|0|1|0|0.0456565215807649
"21767"|32|2.9|0|1|1|0|0.621257160088679
"21776"|26|3.5|0|1|0|1|-0.765605894905996
"21779"|29|3.1|0|1|1|0|0.329930289288369
