|k|ST_d1_num|CST_wo_d1_num|CST_wi_d1_num|ST_d2_num|CST_wo_d2_num|CST_wi_d2_num|CF_d1_num|CF_d2_num|CF_avgCI_l|CF_avgCI_u|ST_d1_diff|CST_wo_d1_diff|CST_wi_d1_diff|ST_d2_diff|CST_wo_d2_diff|CST_wi_d2_diff
0|1|13|235|383|13|235|228|376|228|0.11570385514018673|0.2411886682242989|1.0|1.0|0.7976501305483029|1.0|1.0|1.0
1|2|20|246|391|7|221|233|376|231|0.11055023364485991|0.21774883177570106|0.675|0.9491869918699187|0.7186700767263435|1.0|1.0|0.9799713876967093
2|3|31|255|397|15|234|243|376|234|0.10994859813084065|0.20430373831775697|0.5376344086021506|0.9150326797385622|0.6775818639798489|0.7555555555555554|0.967236467236467|0.948559670781893
3|4|32|258|398|25|245|251|376|236|0.11201285046728963|0.19429556074766305|0.5625|0.9060077519379846|0.6587939698492448|0.64|0.9408163265306122|0.9274900398406377
4|5|39|265|402|27|254|259|376|239|0.11317523364485944|0.1887873831775701|0.517948717948718|0.8867924528301888|0.6430348258706458|0.6444444444444447|0.9165354330708665|0.9060489060489063
5|6|38|265|402|33|260|261|376|239|0.11416997663551375|0.18275058411214892|0.5131578947368424|0.8823899371069185|0.6321961620469075|0.5606060606060608|0.8961538461538465|0.8965517241379313
6|7|42|268|403|35|263|257|376|239|0.11512499999999962|0.17941355140186963|0.49659863945578214|0.8747334754797444|0.625620347394541|0.5673469387755102|0.8886474741988053|0.9061284046692607
7|8|44|269|404|33|262|264|376|241|0.11630957943925266|0.17650467289719626|0.48863636363636365|0.8736059479553904|0.6204620462046213|0.5833333333333334|0.8912213740458015|0.889309764309764
8|9|45|271|406|36|265|265|376|241|0.11642523364485957|0.17387850467289742|0.4839506172839504|0.8646986469864695|0.6120689655172399|0.558641975308642|0.8805031446540875|0.8833962264150942
9|10|47|274|407|36|266|266|376|241|0.11694275700934585|0.17162032710280364|0.4617021276595743|0.8543795620437957|0.6068796068796074|0.5499999999999999|0.8759398496240604|0.8786739576213258
10|11|49|278|411|36|266|266|376|241|0.11732710280373845|0.16978446261682273|0.4564007421150276|0.8413996075866578|0.5979318734793196|0.568181818181818|0.8742310321257687|0.87687969924812
11|12|49|281|413|38|266|266|376|241|0.11748130841121483|0.16801752336448608|0.4591836734693878|0.830664294187426|0.5917303035947091|0.5526315789473685|0.8712406015037596|0.8739155581260842
12|13|51|283|415|41|270|270|376|241|0.11792873831775723|0.16688259345794362|0.45248868778280515|0.825496058711606|0.5874354561101565|0.5347091932457784|0.8609686609686606|0.8632275132275131
13|14|54|287|419|41|270|270|376|241|0.11805315420560729|0.16587733644859848|0.4365079365079365|0.813837730214037|0.5801113762927598|0.5383275261324041|0.8592592592592593|0.8614814814814815
14|15|55|288|420|44|272|272|376|241|0.11859521028037363|0.16477219626168257|0.43999999999999995|0.8113425925925926|0.5775297619047619|0.5227272727272726|0.8539215686274509|0.8559283088235294
15|16|57|291|422|46|275|277|376|243|0.11879205607476657|0.16394217289719606|0.4276315789473684|0.8028350515463918|0.5734597156398112|0.5040760869565217|0.845|0.8420046719048626
16|17|58|292|422|46|277|277|376|243|0.11883995327102786|0.16308119158878506|0.41784989858012156|0.7993553585817889|0.5718799368088453|0.5012787723785165|0.8381822042896578|0.840352988367429
17|18|57|293|423|47|281|283|376|245|0.11921962616822407|0.16248714953271012|0.42592592592592593|0.7974971558589303|0.570113226328232|0.4952718676122931|0.8281929616449188|0.8253673051887666
18|19|57|295|423|47|284|284|376|245|0.11969509345794394|0.16208060747663502|0.43028624192059106|0.7935771632471001|0.5702127659574482|0.5016797312430014|0.8219051148999251|0.8239436619718312
19|20|60|300|427|47|284|285|376|246|0.11977394859813054|0.16143341121495358|0.40166666666666667|0.7796666666666668|0.5636221701795465|0.4882978723404256|0.8198943661971831|0.8195488721804516
20|21|61|303|429|47|284|286|376|247|0.11966939252336428|0.1608405373831778|0.3934426229508196|0.7713342762847717|0.5598643780461946|0.486322188449848|0.8184104627766603|0.8156389065479974
21|22|61|303|429|48|288|290|376|248|0.11996612149532719|0.16041471962616838|0.39120715350223556|0.7716771677167715|0.5594405594405585|0.4744318181818183|0.8083964646464645|0.8056971514242877
22|23|62|305|430|48|289|292|376|249|0.11995502336448598|0.15992757009345848|0.37938288920056096|0.7659301496792584|0.5570736434108517|0.4637681159420288|0.8042726041823378|0.7992294520547942
23|24|63|305|430|48|293|294|376|249|0.12018983644859772|0.1594363317757008|0.3723544973544973|0.7661202185792346|0.5566511627906968|0.4618055555555555|0.7946530147895332|0.7944217687074824
24|25|62|308|430|51|298|299|376|249|0.120407710280374|0.159208528037383|0.37612903225806454|0.7593506493506491|0.5566189624329164|0.4360784313725489|0.7829530201342279|0.782608695652174
25|26|63|308|430|55|301|303|376|251|0.12034170560747658|0.15864544392523378|0.36752136752136755|0.7582417582417582|0.5553832902670113|0.40909090909090917|0.774597495527728|0.7721549932771052
26|27|64|309|431|56|303|304|376|251|0.12069392523364503|0.15831483644859848|0.365162037037037|0.7565623876303486|0.5541929068611195|0.4054232804232803|0.7706881799291037|0.7704417293233078
27|28|65|311|433|56|303|305|376|252|0.12078621495327091|0.1580969626168224|0.35659340659340666|0.751837390904915|0.5513259536513505|0.40178571428571436|0.7703913248467704|0.767891464104014
28|29|66|311|433|57|305|307|376|253|0.12090654205607446|0.15781717289719668|0.34743991640543365|0.7518571903758731|0.5509622786759042|0.3926194797338173|0.7657433578292819|0.7633007600434313
29|30|65|313|434|57|306|307|376|253|0.12115946261682246|0.15763551401869105|0.35128205128205126|0.7479233226837058|0.5499479708636836|0.39122807017543854|0.7641612200435728|0.7638961857728279
30|31|65|314|434|57|306|308|376|254|0.12121144859813089|0.15747721962616873|0.35136476426799007|0.7455311280049315|0.5496111751152074|0.3904923599320882|0.7638625342610166|0.7613636363636364
31|32|68|321|437|58|307|308|376|254|0.12124649532710284|0.15756074766355135|0.33731617647058826|0.7300428348909658|0.5460786353234867|0.3857758620689655|0.7615024429967426|0.7612160566706019
32|33|69|324|439|59|309|312|376|257|0.12148890186915896|0.15762500000000043|0.33289415898111574|0.7245604190048633|0.5442181428380014|0.3785310734463279|0.7575757575757573|0.7530165912518855
33|34|70|326|440|61|312|315|376|258|0.1215882009345796|0.15757359813084132|0.3268907563025209|0.7206784554312524|0.5431168831168838|0.36547733847637404|0.7511312217194571|0.7466666666666664
34|35|70|326|440|63|316|317|376|259|0.1219024532710279|0.1573989485981306|0.3244897959183672|0.7214723926380366|0.5434343434343423|0.3541950113378683|0.743037974683544|0.7429898352611287
35|36|70|326|440|64|318|318|376|259|0.12198247663551377|0.1571553738317759|0.3226190476190476|0.7212849352419911|0.5430589680589688|0.34722222222222215|0.7385569531795955|0.7406085330613632
36|37|72|328|442|64|319|321|376|261|0.12191822429906525|0.15699532710280362|0.3138138138138136|0.7167106130520764|0.5402476780185747|0.3458614864864864|0.735829873760908|0.7337268404656502
37|38|73|328|442|64|320|322|376|261|0.1221191588785046|0.15679731308411193|0.3078586878154289|0.7169448010269573|0.5402018795683949|0.34169407894736836|0.7339638157894735|0.7318044274566016
38|39|72|328|442|63|321|322|376|261|0.12207184579439254|0.15657885514018718|0.30947293447293434|0.7164634146341461|0.5396493212669693|0.3418803418803418|0.7313683201533667|0.7312888198757763
39|40|73|329|443|64|323|324|376|262|0.12204672897196282|0.15651168224299067|0.30376712328767125|0.7142857142857141|0.5382370753730121|0.33554687499999997|0.7269349845201235|0.7268894911171333
40|41|73|329|443|64|323|324|376|262|0.12214719626168222|0.15616238317756984|0.3003675242231874|0.7138409074060343|0.5377297645920662|0.33155487804878053|0.726497017292154|0.7264109347442681
41|42|73|330|443|64|324|324|376|262|0.12219042056074766|0.15611039719626185|0.29778212654924985|0.7120490620490624|0.5378235077956838|0.3288690476190476|0.7246472663139333|0.7266006316393911
42|43|74|331|444|61|324|324|376|262|0.12205490654205647|0.15583002336448595|0.28849780012570714|0.7088456404131247|0.5356777231777236|0.3339687380861609|0.7235142118863053|0.7254489337822672
43|44|76|332|445|61|325|325|376|262|0.12214018691588811|0.15575876168224273|0.28199760765550247|0.7071467688937572|0.5346317103620468|0.330849478390462|0.721678321678322|0.7235555555555555
44|45|78|335|447|62|326|326|376|262|0.12214894859813062|0.1557155373831774|0.2754985754985753|0.7007628524046434|0.5320494115358425|0.3268817204301074|0.7192229038854806|0.7210589490530809
45|46|78|335|447|63|328|328|376|262|0.12220911214953269|0.15563317757009304|0.27369007803790407|0.700908500973394|0.5320100909134197|0.3188405797101449|0.7152704135737011|0.7170472236637263
46|47|80|338|449|63|328|328|376|262|0.12204731308411203|0.15539252336448622|0.26329787234042556|0.6940073020269422|0.5289996288047518|0.31577169875042216|0.7143227815256876|0.7160823170731706
47|48|81|339|450|65|331|332|376|263|0.12220210280373806|0.1553247663551404|0.2582304526748972|0.6922320550639138|0.5278911564625842|0.30480769230769234|0.7083962739174223|0.7081386771576099
48|49|81|339|450|65|331|332|376|263|0.1222891355140185|0.1552575934579437|0.2585034013605442|0.6924929263740897|0.5279555555555562|0.3029827315541601|0.7086133547074422|0.7083132530120478
49|50|84|342|453|65|331|334|376|265|0.12227219626168215|0.15528504672897198|0.24857142857142853|0.6864912280701748|0.5243907717612439|0.30215384615384616|0.7083383685800597|0.7041211694258539
50|51|84|343|453|64|332|334|376|265|0.12240537383177567|0.15525992990654192|0.24883286647992517|0.6849596981649801|0.5246221769400585|0.3042279411764705|0.7065910701630047|0.7043413173652695
51|52|85|343|453|66|334|336|376|265|0.12245327102803731|0.15516530373831822|0.24660633484162897|0.685187261717874|0.5246782456578796|0.2969114219114219|0.7027867342238601|0.7005278526504943
52|53|84|343|453|65|335|336|376|265|0.12247605140186925|0.15499415887850468|0.2452830188679246|0.6848561527036694|0.5243234404382291|0.2957910014513789|0.7004787383835541|0.700176366843033
53|54|85|344|454|65|336|337|376|265|0.12262616822429916|0.1549760514018691|0.24270152505446618|0.6834086993970709|0.5234681617941535|0.2954415954415954|0.6990189594356256|0.698678176422983
54|55|86|344|454|67|337|339|376|266|0.12248598130841143|0.15493866822429886|0.23868921775898524|0.6829809725158561|0.5230490874763996|0.28873812754409767|0.696574049096304|0.6943215339233038
55|56|87|344|454|68|340|340|376|266|0.122471378504673|0.15476518691588773|0.23296387520525447|0.682672342192691|0.5227220032460003|0.2807247899159663|0.6904411764705883|0.6920536635706911
56|57|88|344|454|66|340|340|376|266|0.12251927570093481|0.15453971962616775|0.2302631578947369|0.6822725418196651|0.5223302445693458|0.28495481127060085|0.689989680082559|0.69158215010142
57|58|89|345|455|69|341|341|376|266|0.12264077102803735|0.15453037383177604|0.22820612165827206|0.680759620189905|0.5214378841497475|0.278360819590205|0.6884417029022145|0.6899945325314378
58|59|89|345|455|68|342|342|376|266|0.12266004672897202|0.15441997663551424|0.22795657969910502|0.6807172684844017|0.5213186813186824|0.27891326021934193|0.6864902368916641|0.6880116959064327
59|60|90|348|456|68|343|343|376|266|0.12272721962616852|0.154408878504673|0.22462962962962962|0.6750000000000002|0.5202041990221463|0.2774509803921568|0.6845966958211857|0.6860870812025044
60|61|91|349|457|67|343|343|376|266|0.12280957943925272|0.15437499999999985|0.22248243559718964|0.6733524355300862|0.5191995482459252|0.27966723758257883|0.6848444295751087|0.6863067807768272
61|62|90|349|457|66|343|343|376|266|0.12281016355140216|0.15433235981308394|0.22347670250896065|0.6733062205379424|0.5190858254315581|0.2795698924731183|0.6847079845763189|0.6861492896478321
62|63|91|350|458|66|343|343|376|266|0.12280432242990674|0.15423014018691583|0.22135007849293545|0.6712925170068031|0.5178084061135371|0.2809042809042807|0.684575871164793|0.685996720116618
63|64|91|350|458|66|343|344|376|267|0.12274299065420585|0.1541168224299061|0.22098214285714285|0.6710267857142858|0.5175344306348678|0.2805397727272727|0.6842656705539358|0.6838103756708404
64|65|91|350|458|66|343|344|376|267|0.12282067757009332|0.1540397196261679|0.21994928148774284|0.6709010989010984|0.5173680031758618|0.2808857808857807|0.6841444270015692|0.683668076109936
65|66|91|351|459|67|344|344|376|267|0.12282710280373821|0.15398306074766394|0.2196137196137197|0.6690408357075026|0.5162098006698539|0.2786069651741293|0.6822586328400284|0.6836601874349185
66|67|92|355|461|67|344|344|376|267|0.122919976635514|0.15395502336448627|0.21868916288124604|0.6618457010721043|0.5141635830036995|0.280017821341056|0.6824453314821243|0.6838235294117648
67|68|92|358|462|70|346|348|376|269|0.12291238317757|0.15393925233644878|0.21691176470588233|0.6562602694709169|0.5129556433904257|0.2680672268907562|0.6784257055423326|0.6761202731967346
68|69|91|359|462|69|346|350|376|271|0.12293282710280369|0.15385747663551402|0.218665392578436|0.6544749909167975|0.5129251700680266|0.2701113211510187|0.6783111334506154|0.6723673469387755
69|70|91|359|462|69|349|352|376|272|0.12305373831775664|0.15384579439252322|0.21821036106750397|0.6547552725825708|0.5130784708249487|0.2685300207039338|0.6728612361850187|0.6688540332906528
70|71|91|360|462|69|350|352|376|272|0.12310163551401852|0.15382885514018682|0.21699427333230142|0.6530125195618152|0.5130772005772003|0.2676056338028169|0.6710261569416498|0.6688368055555561
71|72|91|360|462|70|351|353|376|272|0.12308936915887826|0.15378329439252345|0.21688034188034191|0.653047839506173|0.5130463144161773|0.26408730158730154|0.6692386831275723|0.667041794404129
72|73|90|363|462|71|353|354|376|272|0.12312324766355137|0.15386331775700934|0.21887366818873666|0.6479489792067626|0.5132210132210133|0.2600810341501062|0.6657223796033996|0.6653305848221098
73|74|90|363|462|73|356|357|376|273|0.12312558411214942|0.1538358644859808|0.21786786786786796|0.6480157843794205|0.5132178932178924|0.2523139577934099|0.6603780747039171|0.6600186741363212
74|75|92|365|464|74|356|359|376|275|0.1231530373831775|0.15386273364485945|0.212463768115942|0.6444931506849314|0.5109743647912888|0.2500900900900901|0.660262172284644|0.6564286761471925
75|76|92|365|464|74|358|360|376|276|0.12314719626168216|0.15375408878504682|0.2115274599542334|0.6443763518385006|0.510831840573221|0.2489331436699857|0.6565715965892387|0.6545454545454548
76|77|92|365|464|75|359|360|376|276|0.12322955607476627|0.1537616822429907|0.2125917560700169|0.6446183953033265|0.5109692749778967|0.24848484848484845|0.6550663820858804|0.6547720797720799
77|78|95|368|467|75|360|360|376|276|0.12320035046728954|0.15377686915887884|0.20634278002699052|0.6394927536231884|0.5077385953975014|0.24871794871794875|0.6533475783475781|0.6547819971870602
78|79|95|370|468|74|360|361|376|277|0.12320794392523363|0.15382184579439268|0.2042638241172552|0.6361614779336301|0.5067040598290591|0.24854601436879914|0.653340365682138|0.6530470914127423
79|80|96|371|469|73|361|362|376|278|0.12316588785046721|0.15373656542056088|0.20156249999999998|0.6342991913746631|0.5054621074521574|0.249486301369863|0.6513850415512465|0.651115203601391
80|81|95|371|469|74|363|363|376|278|0.12316530373831774|0.15368282710280384|0.20285899935022733|0.6341885461382315|0.5053304904051169|0.24541207874541207|0.6477910417304356|0.6492306658603778
81|82|95|372|469|74|363|363|376|278|0.12327511682243009|0.15363259345794386|0.20243902439024386|0.6325072121688966|0.5053048012947321|0.24489123269611082|0.6477860646375067|0.6492084038633875
82|83|98|376|472|74|363|363|376|278|0.12327745327102822|0.15363434579439236|0.1963363658716499|0.6259292489105359|0.5021690879741727|0.2450341908173233|0.6478143980882206|0.6492194674012863
83|84|98|380|472|74|363|363|376|278|0.12324007009345812|0.1536974299065418|0.19521379980563655|0.6194235588972437|0.5021934197407768|0.24436936936936934|0.6477436704709439|0.6491330416464101
84|85|98|381|472|75|364|364|376|278|0.12331366822429932|0.15374591121495315|0.195798319327731|0.6182183109464257|0.5024881750098543|0.24188235294117638|0.6464447317388492|0.6478085867620761
85|86|99|382|472|76|365|365|376|278|0.12328271028037406|0.1537412383177567|0.19332863518910026|0.6165225861439189|0.5023865186051047|0.23837209302325574|0.6445683338642888|0.6459140292867265
86|87|100|383|473|76|365|367|376|280|0.12333411214953287|0.1537920560747662|0.1917241379310345|0.6151676120164459|0.5014895252738798|0.23805202661826982|0.6447173673437252|0.6427111716621252
87|88|99|383|473|78|366|369|376|282|0.12330198598130844|0.15375876168224273|0.1924931129476584|0.6151495371469263|0.5014371570420691|0.23382867132867127|0.6429148037754597|0.6392923479796594
88|89|99|383|473|79|369|370|376|282|0.12326752336448614|0.1537336448598129|0.19248666439677675|0.6150438583624251|0.5013154803852483|0.23168823780401077|0.6377698608446755|0.6375075075075077
89|90|100|384|474|79|370|373|376|285|0.1233913551401869|0.15377570093457946|0.19011111111111106|0.6138310185185187|0.5005332220522101|0.23136427566807305|0.6363963963963967|0.6329140028871933
90|91|101|385|475|79|371|375|376|286|0.12331016355140194|0.1537412383177572|0.18724839516918715|0.6120165548736981|0.4992677345537764|0.22868270969536778|0.634459879742899|0.6293913043478258
91|92|100|386|475|82|378|378|376|286|0.12323422897196253|0.15373014018691614|0.18782608695652164|0.6102444244199141|0.4990831918505935|0.22004241781548242|0.6228720956981824|0.6243101780736185
92|93|100|386|475|82|378|379|376|287|0.12321378504672906|0.1536168224299065|0.18741935483870983|0.6100618418853417|0.4989025755879058|0.21951219512195144|0.6226318484382999|0.6224948071633075
93|94|100|386|475|84|380|381|376|287|0.12325817757009344|0.1536723130841124|0.18638297872340423|0.6102965494432806|0.49905817174515216|0.21441236068895647|0.6196808510638295|0.6195330846802047
94|95|101|387|475|83|380|381|376|287|0.12320268691588786|0.15362967289719642|0.18467952058363724|0.608513531891745|0.4988596491228065|0.21547241597970823|0.6194182825484765|0.6192585301837269
95|96|103|389|477|84|380|381|376|287|0.12323948598130842|0.15359521028037382|0.18082524271844663|0.6055323479005997|0.49685534591195013|0.21366567460317462|0.6195175438596491|0.6193413967583946
96|97|105|391|479|82|380|381|376|287|0.12331775700934582|0.15367348130841121|0.17771232204221882|0.6027895694360217|0.49503642793234176|0.21636912245411102|0.6198046663049374|0.619610048743907
97|98|106|392|479|83|381|382|376|287|0.12332885514018685|0.15374007009345805|0.17577974586060838|0.601442107455227|0.4951603719870942|0.2129333661175314|0.6184048422518614|0.6181976836427097
98|99|106|393|479|83|381|383|376|288|0.12335221962616831|0.15378563084112137|0.1758147512864494|0.6000719664841799|0.49526096033402883|0.2134599002068881|0.6184946578647362|0.6167362924281986
99|100|107|395|480|85|383|385|376|288|0.12335747663551423|0.15372196261682217|0.17383177570093453|0.5969367088607594|0.49412128712871245|0.20870588235294116|0.6152219321148825|0.6134756332776138
100|101|109|398|483|86|386|387|376|289|0.12338259345794415|0.1537283878504671|0.17031519665728026|0.5924921637892433|0.4910688913246454|0.20596361961777565|0.6105268557943878|0.6103511171910625
101|102|111|399|484|87|387|390|376|291|0.1233872663551407|0.1538049065420559|0.16701996113760814|0.5912084131898372|0.490190965257162|0.20351588911426624|0.6091097937883163|0.6059497137167043
102|103|112|399|484|84|387|390|376|291|0.12337091121495355|0.1536945093457943|0.16487517337031912|0.5910650412438865|0.490046884933249|0.2059639389736478|0.6089410702190111|0.6057692307692308
103|104|111|399|484|86|389|391|376|291|0.12339719626168262|0.15375584112149515|0.16649341649341656|0.5912377096587624|0.4901613537977177|0.20270572450805016|0.6060658493177774|0.6044087200097427
104|105|112|399|484|85|390|391|376|291|0.12338726635514052|0.15374065420560726|0.16564625850340123|0.5912161355770377|0.4901177296117268|0.20492997198879542|0.6045177045177043|0.6043526516431019
105|106|110|400|484|84|390|391|376|291|0.12341004672897221|0.15372897196261645|0.16792452830188684|0.589764150943396|0.49011353981617334|0.20586253369272242|0.604523463957426|0.6043454358582113
106|107|112|400|484|84|391|391|376|291|0.12346845794392543|0.1536764018691586|0.16513684913217622|0.5899065420560752|0.490205081114172|0.20616377392078322|0.6031503214857664|0.6044567585488301
107|108|111|400|484|84|391|392|376|292|0.12344275700934601|0.153667056074766|0.16599933266599934|0.5898379629629628|0.49012434604594757|0.20612874779541443|0.6030595813204508|0.602883355176933
108|109|111|401|485|86|392|393|376|292|0.12341471962616837|0.1536600467289718|0.16629473510207454|0.5882998924706584|0.4890346766635425|0.20268828675058684|0.601408912188729|0.6012260004626416
109|110|110|401|485|88|393|394|376|292|0.12333177570093473|0.15355198598130804|0.16677685950413226|0.5879165722058494|0.4886969443670482|0.19876033057851236|0.5995373583159845|0.5993506196551887
110|111|109|401|485|89|394|395|376|292|0.1234088785046729|0.15348656542056102|0.16827837011323246|0.5879445530318348|0.48869661266568554|0.19678105071363497|0.5980930168747428|0.5978978300180832
111|112|110|401|485|89|395|395|376|292|0.12345385514018688|0.15350350467289733|0.1662337662337662|0.588083363021019|0.48878751938691717|0.1962279293739968|0.5967676311030743|0.5980284530077289
112|113|110|403|485|91|397|397|376|292|0.1234217289719627|0.15350058411214965|0.16653258246178612|0.5851028788510947|0.4887140531741719|0.19274530778955568|0.593745123826932|0.5949887312740292
113|114|111|407|486|89|397|397|376|292|0.12341588785046714|0.15353446261682252|0.16500711237553348|0.579421526789948|0.4877437824297729|0.19505223733491034|0.5937292854302003|0.5949622166246853
114|115|111|408|486|89|397|398|376|293|0.12349824766355132|0.15351869158878523|0.16435566000783391|0.5782608695652174|0.48793812970058204|0.19462628236443574|0.5939546599496222|0.5937445849939351
115|116|114|412|489|89|397|399|376|294|0.12348481308411205|0.15353913551401885|0.1597096188747731|0.5726690659524608|0.4849422334084903|0.19401394808213862|0.593872144532268|0.5922284343336971
116|117|115|413|489|89|397|401|376|296|0.12339894859813068|0.15343224299065436|0.1577108881456706|0.5708905030938927|0.4845932549998266|0.19341208105253035|0.5934035178367668|0.5889302168308038
117|118|114|414|489|89|398|403|376|298|0.12333469626168216|0.1533814252336451|0.15819209039548027|0.5692909195119955|0.48438762007870534|0.192249095410398|0.591644663997956|0.5858164605792684
118|119|115|415|490|91|404|406|376|299|0.1233376168224299|0.15341004672897207|0.156740957252466|0.5679862306368324|0.48343537414966004|0.18819835626558304|0.5831391962725677|0.581650246305419
119|120|115|415|490|91|404|406|376|299|0.12326051401869163|0.1532546728971961|0.15637681159420297|0.5676104417670683|0.48310001686625|0.18763736263736272|0.5827557755775579|0.5812604323576109
120|121|116|416|491|90|405|406|376|299|0.12318516355140195|0.1531869158878504|0.15474494157879745|0.565956770502225|0.4818536943674667|0.18833792470156116|0.5810223446587083|0.5809173867398857
121|122|116|417|491|91|407|407|376|299|0.12316939252336442|0.15319217289719636|0.1544657998869418|0.5645909501906672|0.4818273640984883|0.18645289137092416|0.5782011519716438|0.579473042887677
122|123|115|417|491|91|407|410|376|302|0.12310630841121498|0.15312499999999998|0.15553199010250973|0.56432902458521|0.48158793771762726|0.18591977128562492|0.5778550168794071|0.575059008654603
123|124|116|417|491|91|408|410|376|302|0.12317056074766342|0.15321261682243012|0.15524193548387105|0.5646515046027698|0.48184114052953225|0.18690180786954985|0.5767907969639472|0.5753560975609759
124|125|116|418|492|92|410|411|376|302|0.123179906542056|0.15315420560747667|0.15524137931034473|0.5632727272727275|0.4808201058201054|0.18504347826086945|0.5740097560975611|0.5739389024060556
125|126|117|421|495|93|411|412|376|302|0.12317523364485962|0.15323306074766355|0.15398182064848717|0.559344719677261|0.47796070945677216|0.1833077316948284|0.572664426679025|0.5725861937160768
126|127|117|421|495|95|413|414|376|302|0.12321553738317738|0.15325175233644855|0.15398075240594916|0.5595039931172497|0.4780776515151515|0.18010774968918344|0.570132123315094|0.5700483091787439
127|128|118|423|496|96|415|415|376|302|0.12324941588785032|0.15330957943925227|0.15320444915254236|0.5570515661938534|0.4772599399849959|0.17879231770833334|0.5676204819277109|0.568861492481554
128|129|116|424|496|95|415|416|376|303|0.1232394859813083|0.15333586448598124|0.15604116546377983|0.5557627614450782|0.4772642679900749|0.18008975928192583|0.5675912954142149|0.5675110946745564
129|130|118|426|497|95|415|416|376|303|0.1232920560747662|0.1534223130841121|0.15469361147327235|0.5534488985193211|0.47653862103921313|0.1811336032388663|0.5678220574606117|0.5677297416324134
130|131|120|427|498|95|417|417|376|303|0.12335105140186911|0.15342231308411192|0.15267175572519076|0.5523892950998445|0.47576670317634084|0.18135797509039778|0.5653797572628919|0.5666012644429909
131|132|120|428|499|96|418|418|376|303|0.12334112149532689|0.15343808411214954|0.1523989898989899|0.5511009629000283|0.47479922250516093|0.1796875|0.5640495867768596|0.5652588408821094
132|133|119|428|499|95|420|422|376|305|0.12333820093457931|0.15344392523364486|0.15359828141783033|0.5511207926357948|0.47480034696258144|0.1795013850415513|0.5614214106695307|0.5600551743651413
133|134|120|430|500|96|420|422|376|305|0.12329322429906536|0.15340128504672887|0.15199004975124383|0.5484033321763279|0.4737037037037041|0.17817164179104486|0.5612117981520969|0.559838511497279
134|135|121|432|501|98|420|422|376|305|0.12323306074766344|0.15341530373831774|0.15035200489745942|0.5457647462277094|0.47265762592462085|0.17603930461073314|0.5610758377425046|0.5596947309729582
135|136|121|434|501|99|422|422|376|305|0.12324182242990635|0.15343866822429905|0.15046183762761303|0.5433213608023856|0.4727042265833291|0.1752079619726678|0.5585273208809592|0.5597260179195348
136|137|121|434|501|99|422|422|376|305|0.12319976635514006|0.15339193925233616|0.15075104059841954|0.5432406068148944|0.47261997743643147|0.17584605175846052|0.5584287542809699|0.5596194793598462
137|138|121|434|501|99|422|422|376|305|0.12321028037383165|0.15340303738317732|0.15043717810516222|0.5432945969411607|0.47265181866482786|0.17581613233787138|0.5584689882546878|0.5596508575130412
138|139|120|435|502|98|423|425|376|307|0.12324824766355139|0.15344509345794352|0.15173860911270987|0.5421979657653178|0.4718269778030738|0.17699309939803262|0.5572903379424111|0.5559327731092437
139|140|121|436|502|99|423|427|376|309|0.12327978971962601|0.15347137850467266|0.1511216056670602|0.5410878112712981|0.47192789127179297|0.17676767676767674|0.5573792637622431|0.553507067284535
140|141|122|437|503|99|426|427|376|309|0.12325876168224292|0.1535|0.15009882571793973|0.5398672444292969|0.4709909556744038|0.17694677269145356|0.5535411047847365|0.5534848434871525
141|142|120|437|503|99|426|427|376|309|0.12334637850467291|0.15356542056074732|0.15252347417840373|0.5401585715667002|0.47122857262022294|0.17698107838952912|0.5538418303246714|0.5537740947577008
142|143|121|438|503|100|428|429|376|310|0.12331308411214933|0.15355081775700918|0.1511298618736635|0.5388606826962988|0.47115915617406723|0.1754545454545454|0.5512221423436372|0.5511687386687386
143|144|121|439|503|101|429|429|376|310|0.12332827102803733|0.15355257009345827|0.15185950413223134|0.5377436092128575|0.47124151641872947|0.17546754675467544|0.5500356125356125|0.5512257857085446
144|145|123|441|504|101|429|430|376|311|0.12334228971962594|0.15359988317757037|0.14925707877768432|0.5354288841973571|0.4704011741682982|0.17541823147832028|0.5501165501165501|0.5500637145587766
145|146|124|442|505|101|429|430|376|311|0.12338901869158883|0.15359112149532722|0.14853071144498456|0.5342465753424659|0.4694820502458407|0.175844296758443|0.5501165501165501|0.5500553709856035
146|147|125|443|506|101|430|431|376|311|0.12339252336448621|0.15360338785046718|0.14770068027210884|0.5330692096251594|0.4685663924794357|0.17545632114231827|0.5488846701471287|0.5488179594908139
147|148|125|444|507|104|432|433|376|311|0.12339427570093467|0.1536653037383179|0.1483783783783784|0.5319728512296084|0.46772037117932747|0.1722323284823285|0.5464996246246252|0.5464296232000865
148|149|127|444|507|104|434|434|376|311|0.12348598130841115|0.1537242990654208|0.14696401204882947|0.5323024366648523|0.4679947403024315|0.17223799690242647|0.5443664367673889|0.5455145929339472
149|150|127|444|507|106|434|434|376|311|0.12354731308411201|0.15383294392523403|0.14829396325459315|0.5326276276276272|0.4682654753974164|0.17220125786163523|0.5447004608294927|0.5458388012329479
150|151|126|445|507|104|434|435|376|312|0.1235648364485981|0.15382126168224314|0.14921686113739102|0.5315127613661733|0.4683250285477004|0.1733953132959756|0.5447401348918122|0.5446612220205689
151|152|128|445|507|106|435|437|376|313|0.12350934579439271|0.15379264018691596|0.1467927631578947|0.531357185097575|0.46817754057573113|0.1709285004965243|0.5433454325468843|0.5420648808722575
152|153|128|445|507|106|436|439|376|314|0.1234789719626168|0.15375000000000003|0.1463439542483658|0.5312183300286408|0.46804477573708403|0.1695646812183991|0.5419589854290341|0.5394935360766796
153|154|128|445|507|107|437|439|376|314|0.12345385514018692|0.15374182242990675|0.1466112012987013|0.5311980154676784|0.46801552459120643|0.16877048185459398|0.5407292935897055|0.539466529502535
154|155|129|446|508|107|438|439|376|314|0.12343516355140179|0.1537096962616825|0.14523630907726928|0.5299146535512802|0.467002321825156|0.16864636719927634|0.5394167034909413|0.5393522574615965
155|156|129|446|508|107|439|439|376|314|0.12340946261682251|0.153652453271028|0.14490161001788915|0.529766011268253|0.46686142735342834|0.16840402588066145|0.538067285789381|0.5391959142811541
156|157|129|448|509|109|441|441|376|314|0.12339135514018702|0.15364310747663562|0.1448180516466697|0.527354413102821|0.4658924174976991|0.16572196575702688|0.5356095729162156|0.5367260828381986
157|158|130|448|509|108|441|441|376|314|0.12342990654205603|0.15369217289719642|0.14435248296007774|0.52752034358047|0.46602661526485545|0.1670768870135958|0.535764516777175|0.5368730301344861
158|159|131|450|510|106|441|441|376|314|0.12341238317757015|0.15364661214953254|0.14364587834269527|0.5251153039832289|0.46504901960784223|0.16915865669870653|0.5356750666723716|0.5367772108843533
159|160|133|450|510|105|441|442|376|315|0.12348422897196279|0.15373247663551398|0.14172932330827065|0.5254305555555556|0.46531482158080556|0.17023809523809524|0.5359693877551023|0.5358899412607852
160|161|133|451|511|108|442|443|376|315|0.1235478971962617|0.15380841121495323|0.14187643020594967|0.5245348500915835|0.4646299920272525|0.16718426501035205|0.5350327421938671|0.5349469107934116
161|162|134|453|512|107|443|443|376|315|0.12349357476635507|0.15377570093457954|0.14063939561451988|0.522075055187638|0.46358560199386584|0.1676473981769931|0.5336510325223642|0.5347394369122964
162|163|136|455|513|109|444|444|376|315|0.12345969626168246|0.15376752336448585|0.13893901118729687|0.5196925773612889|0.4625944943659955|0.16581302414588836|0.5323605814403357|0.5334404526477694
163|164|136|455|513|110|445|445|376|315|0.1234912383177568|0.15377920560747685|0.13898852223816355|0.5197936210131332|0.4626735188138692|0.16463414634146345|0.5312825431625104|0.5323527408920667
164|165|135|455|513|111|446|446|376|315|0.12345735981308426|0.1537949766355138|0.14015712682379347|0.5197469197469199|0.46262241950257216|0.1635271635271635|0.5300720206549805|0.5311335026203471
165|166|135|455|513|113|448|448|376|315|0.12344976635514016|0.15378796728971975|0.1396697902721998|0.5197272606911164|0.4625952772816936|0.16051817891033154|0.5277404259896732|0.528790633019675
166|167|137|455|513|113|449|449|376|315|0.12353679906542062|0.15386448598130847|0.1377245508982035|0.5200368493781664|0.4628585352269564|0.15998092310953313|0.5269060987157087|0.5279456994379046
167|168|139|459|515|113|449|450|376|316|0.12356950934579425|0.15387441588785056|0.1354916067146283|0.5156655254694472|0.46119377262020933|0.15950273914875676|0.5269911973698168|0.5268902038132806
168|169|141|459|515|113|449|452|376|318|0.123589953271028|0.15390245327102806|0.13374459691971974|0.5157726469943661|0.4612792689891488|0.1593443996439231|0.5270752889392599|0.5247136907860491
169|170|140|461|515|114|450|452|376|318|0.12362792056074746|0.15394100467289712|0.13487394957983184|0.5136531836161798|0.4613751206495203|0.1585655314757481|0.5260261437908501|0.5248020493712157
170|171|143|462|515|113|450|452|376|318|0.12364077102803733|0.15393983644859793|0.13213102686786904|0.5125946178577757|0.46141341160532834|0.1592402835998551|0.5260688758934373|0.5248379296151472
171|172|145|463|516|113|452|454|376|320|0.12364252336448592|0.1539859813084112|0.13039294306335197|0.5115651213019238|0.460579378948784|0.1592405844824037|0.5238346367565344|0.5226375697079272
172|173|145|464|516|112|452|454|376|320|0.12364602803738334|0.153941004672897|0.12987841339445885|0.5103523021726136|0.4604717989842287|0.1594240297274979|0.5236968642897339|0.5224948098637905
173|174|146|464|516|111|452|456|376|322|0.1236086448598129|0.15390887850467305|0.12868052275232247|0.5102308759413394|0.46035437430786247|0.1599357978668324|0.5235479605330076|0.520125313283208
174|175|146|464|516|112|456|458|376|323|0.12359871495327113|0.15395268691588768|0.129119373776908|0.5102955665024633|0.46040345313601067|0.15872448979591838|0.5190726817042609|0.5179262604208017
175|176|147|465|517|113|457|459|376|323|0.12362850467289722|0.15400525700934578|0.1285946196660483|0.5093475073313783|0.4596378498289791|0.15763274336283195|0.5181022478615477|0.5169553069187505
176|177|147|465|517|114|458|460|376|323|0.12358469626168224|0.153991238317757|0.12863676544063954|0.5092521718000123|0.4595440419012014|0.15625929229854302|0.5168998100313327|0.5157547630679038
177|178|147|466|517|116|459|462|376|324|0.12361098130841133|0.15402920560747663|0.1286020025987924|0.5082822973429133|0.4596457862831327|0.154252227818675|0.5158992435925678|0.5136762678662118
178|179|147|469|517|115|459|462|376|324|0.12359287383177589|0.1539737149532707|0.12830159996959678|0.5049612273826397|0.4595744680851068|0.15462715569589502|0.5157921641654798|0.5135642135642137
179|180|146|470|517|115|460|463|376|324|0.123616238317757|0.1540186915887851|0.12903348554033484|0.5040189125295509|0.45968560650587226|0.15415458937198062|0.5148188405797103|0.5125950144982875
180|181|145|471|517|115|462|463|376|324|0.12360981308411231|0.15402219626168223|0.12996761287864358|0.502950112022146|0.45967861925308834|0.15397549843862604|0.5126162971466836|0.5125673462606515
181|182|149|472|518|115|463|463|376|324|0.12360163551401884|0.15399532710280348|0.12648425400103244|0.5018276215310115|0.4587315652889426|0.15355948399426647|0.5114518311062589|0.5124809687356163
182|183|149|473|519|116|464|466|376|326|0.1235876168224299|0.15403796728971964|0.12634319873840175|0.500837578992364|0.457903995978889|0.15220463538722442|0.5104107782174492|0.5093067736518007
183|184|149|473|519|117|465|467|376|326|0.12356366822429926|0.1540350467289719|0.12605777648088715|0.5007813218126667|0.4578451283653597|0.1504552211073951|0.5092800374006545|0.5081775565715605
184|185|150|474|520|117|465|469|376|328|0.1235543224299067|0.15401168224299058|0.12472072072072075|0.4996692895427072|0.45690653432588907|0.14978054978054975|0.509189189189189|0.5059839053580029
185|186|150|475|520|118|466|469|376|328|0.1235268691588785|0.15400175233644853|0.12465949820788538|0.49855121675155606|0.45683874948580794|0.1490340805540369|0.508029904471826|0.5058891942122846
186|187|149|475|520|120|466|471|376|330|0.12352686915887866|0.15399649532710258|0.1257222840325881|0.49855333520968204|0.45683306055646433|0.14812834224598934|0.5080099148516216|0.5037832587974881
187|188|152|478|521|118|468|471|376|330|0.12353271028037388|0.15404906542056063|0.12328527435610298|0.4955154455621827|0.45603184758654997|0.14893617021276598|0.5059442625931987|0.5038362596749006
188|189|153|479|521|116|468|471|376|330|0.12353271028037394|0.15404322429906536|0.12293806411453473|0.49448255293766796|0.4560258611981014|0.1503375296478745|0.5059354226020895|0.5038216560509559
189|190|152|479|521|116|470|474|376|332|0.12348773364485982|0.154004672897196|0.12361495844875352|0.4943962201955828|0.45593954437198014|0.14950090744101638|0.5037178051511757|0.5006075065721175
190|191|153|480|522|116|471|474|376|332|0.12345327102803746|0.15397488317756997|0.1227115628101153|0.49324825479930223|0.4549509099616861|0.14916952518505144|0.502539989551028|0.5004724859353026
191|192|152|480|522|116|472|474|376|332|0.12338376168224308|0.1539299065420557|0.12335526315789473|0.493044704861111|0.4547575089829868|0.14884159482758627|0.5012800141242936|0.5002514155790212
192|193|152|480|522|117|473|475|376|333|0.1234596962616823|0.1539883177570092|0.12360239978183822|0.49329663212435226|0.4549808429118778|0.14844338160400358|0.500487462892572|0.4994682582745526
193|194|153|482|523|117|473|475|376|333|0.12342114485981313|0.15394918224299062|0.12256586483390601|0.49111305984514747|0.4539785262538611|0.14816283372984387|0.5003269327172473|0.4993036437246963
194|195|153|485|524|118|474|476|376|334|0.12337967289719627|0.15393983644859802|0.12233953410423978|0.48798308220988557|0.45302033026951205|0.1473707083876573|0.4991561181434591|0.4981456868461668
195|196|155|485|524|118|476|479|376|337|0.12338376168224308|0.15395443925233623|0.12093482554312036|0.4880391331790444|0.4530650598674775|0.14748356969906604|0.49712742239753|0.49514110403442024
196|197|159|491|526|119|479|479|376|337|0.12341588785046745|0.15405607476635502|0.11860294352392815|0.4823058711631705|0.4515497177094132|0.14742140511026744|0.49424032724690814|0.49529744206153403
197|198|158|491|526|118|479|481|376|339|0.12339836448598154|0.15404614485981297|0.1191983122362869|0.48225637227673873|0.45149702887058896|0.14774867317240198|0.49415870605849727|0.49321451331501587
198|199|160|494|528|120|481|481|376|339|0.12343866822429918|0.15409637850467284|0.11783919597989942|0.47950277704311056|0.44994318181818205|0.1463986599664992|0.4922847083651107|0.49334719334719385
199|200|158|495|528|118|481|482|376|340|0.12337441588785057|0.15405373831775693|0.11879746835443035|0.4783636363636363|0.44977762701643287|0.14690677966101692|0.4920893970893972|0.49215540554488946
200|201|158|496|528|117|481|482|376|340|0.12338609813084125|0.15405899532710263|0.11902512752692239|0.4774313914299471|0.44980123012301226|0.14729769953650548|0.49211323838189525|0.4921736986976706
201|202|159|497|528|118|481|483|376|341|0.12336623831775695|0.1540549065420558|0.11818917740830676|0.4764228937984342|0.44974996268099654|0.1465010907870447|0.49204421481649224|0.4911115870636109
202|203|161|498|529|120|482|485|376|342|0.12338376168224316|0.15406542056074782|0.11700272312823187|0.4755672938057647|0.44898810185699994|0.14499178981937605|0.49112891686936605|0.48921568627451006
203|204|162|498|529|118|483|485|376|342|0.12343516355140186|0.15411682242990674|0.11646695715323173|0.47573627844712174|0.4491401171100556|0.14618644067796613|0.4903077172898145|0.4893839577571034
204|205|165|500|531|120|483|485|376|342|0.1234918224299066|0.15420502336448602|0.11470805617147072|0.47409756097560984|0.4476898323368624|0.14532520325203233|0.4905519365752666|0.4896206585927339
205|206|166|502|533|119|484|487|376|343|0.12345969626168232|0.15421904205607498|0.1139606971575623|0.4721889142459288|0.44598526252820986|0.1453863098637514|0.4895089464815854|0.48760527333868936
206|207|166|502|533|119|485|488|376|343|0.12345735981308413|0.15424824766355139|0.11419591409114721|0.47225590392054945|0.44604199740222206|0.14496813218040847|0.4885900692265549|0.4866901796973517
207|208|165|503|533|120|487|489|376|344|0.12345677570093459|0.15424707943925223|0.11465617715617724|0.47130677473619786|0.4460263741393395|0.14411057692307694|0.48657400094771736|0.4856703946145341
208|209|167|505|534|120|488|489|376|344|0.12349357476635527|0.15431892523364485|0.11337134343752689|0.4696195935383011|0.44535402175851563|0.1442185007974482|0.4857537846105577|0.485821404226312
209|210|168|506|534|120|488|490|376|345|0.12354497663551406|0.15437383177570088|0.11284013605442167|0.4688782232260485|0.4455242558176688|0.14440476190476173|0.48591920374707176|0.48501789341328977
210|211|168|507|534|122|489|491|376|345|0.12356425233644869|0.15438785046728978|0.11306702775897087|0.4680164895257863|0.44557805102112913|0.1430735762567011|0.48500179300051416|0.484100603312454
211|212|169|507|534|123|490|491|376|345|0.12351343457943924|0.154328855140187|0.11245394663391751|0.46780916229392255|0.4453763781189006|0.14231477220432576|0.4838082402772426|0.48387405218821444
212|213|167|507|534|123|492|495|376|347|0.12354264018691588|0.15436682242990657|0.11410980855191027|0.46790936281727163|0.44546536455598756|0.14145578075499063|0.4819554181457306|0.4801283866704432
213|214|170|509|536|123|492|495|376|347|0.12349707943925242|0.1543551401869159|0.11198460692688292|0.4659860822944021|0.44371745921555084|0.14121267380898103|0.481840285692577|0.4800093962884664
214|215|169|509|536|123|492|496|376|348|0.12353095794392525|0.15436156542056112|0.11245355717627634|0.46605747704116574|0.44377936705362064|0.1410096426545661|0.48189638873132873|0.4791199970131424
215|216|172|510|537|124|492|496|376|348|0.12355315420560761|0.15438317757009365|0.11081503014642559|0.46520515613652885|0.4430056037552883|0.14056899641577064|0.4819519722975011|0.47916976363906644
216|217|172|510|537|126|494|497|376|348|0.12361623831775707|0.1544596962616825|0.11105454935162357|0.46545585976326004|0.4432371482753315|0.13952892985151044|0.4802888113584208|0.4784671330736713
217|218|172|510|537|126|495|497|376|348|0.12362091121495333|0.15446787383177585|0.11105184553018999|0.46551538046411195|0.44328801136025353|0.13943497888452025|0.4793809656194975|0.4785057376220788
218|219|171|510|537|126|495|497|376|348|0.12364193925233653|0.1544900700934582|0.11164517076557455|0.46558331094995026|0.4433468765871001|0.13941436544176278|0.4794520547945201|0.4785714285714288
219|220|172|510|537|127|498|499|376|349|0.12365478971962622|0.15454264018691596|0.11117864693446082|0.4656951871657755|0.4434473402596966|0.1387974230493915|0.476725082146769|0.4767997533528598
220|221|175|512|539|128|499|500|376|349|0.12370151869158875|0.15457359813084118|0.10947640594699398|0.46400417138009104|0.4419177990606558|0.13783229638009029|0.47589296239537954|0.47596396396396373
221|222|177|512|539|128|500|501|376|349|0.12366822429906553|0.15455549065420562|0.10828625235404898|0.46394636824324353|0.441857949865637|0.1371762387387388|0.4748918918918921|0.47496039311511495
222|223|177|512|539|128|502|503|376|349|0.12371962616822427|0.15461974299065417|0.10861138557421902|0.46413431894618823|0.44203054598462715|0.1365610986547085|0.4732281635788684|0.47329416358988885
223|224|177|512|539|132|502|503|376|349|0.12380490654205618|0.15467698598130838|0.10860573042776436|0.46438162667410726|0.4422593279736138|0.1347064393939394|0.4734721826977803|0.47353214049039144
224|225|180|513|540|132|503|504|376|349|0.12384112149532708|0.1547616822429907|0.10755555555555556|0.46366904916612517|0.4416175024582107|0.1347811447811448|0.4727369118621604|0.4727928782132324
225|226|181|516|542|133|504|505|376|349|0.1238697429906544|0.1548078271028038|0.10729477338287775|0.4611202579405916|0.4401222426321186|0.13404085434826002|0.47193250456524816|0.4719849958564141
226|227|181|517|542|134|505|506|376|349|0.1238744158878505|0.1547903037383178|0.10711417236595515|0.4602118286624803|0.44010163785848316|0.13294759681767376|0.4709905351768659|0.47104049649816215
227|228|183|517|542|134|506|506|376|349|0.12391355140186917|0.1548376168224298|0.10631770683539457|0.46035664596694753|0.44023429317262547|0.1329863838701231|0.47022571250259976|0.4711842173395236
228|229|183|517|542|134|506|506|376|349|0.12394217289719639|0.15487091121495322|0.10628295988736962|0.46045796626489743|0.44032568586555404|0.13302483217102262|0.47032984103422687|0.47128372572606947
229|230|183|517|542|134|506|507|376|350|0.12393165887850469|0.15486857476635513|0.10653361843668328|0.46045748885711857|0.4403204421654609|0.1331278390655419|0.47031276851692705|0.47035870112793193
230|231|182|517|542|137|508|509|376|350|0.12396728971962606|0.15488901869158891|0.10705960705960704|0.46055749537374335|0.440410675658481|0.1308496855942111|0.46858915362852405|0.4686335614118287
231|232|183|518|543|136|508|510|376|351|0.1239848130841122|0.1549258177570093|0.10662803843979651|0.45975069897483695|0.43967309257898035|0.13152890466531442|0.46865666576160747|0.46780274341496275
232|233|184|518|543|139|510|512|376|351|0.124001168224299|0.15492114485981304|0.10631647695465567|0.45979087609988917|0.43970659992759425|0.12940377311884396|0.46688546663300523|0.466037326388889
233|234|185|518|543|142|510|512|376|351|0.12399824766355143|0.15492114485981306|0.10572880572880565|0.4597564597564598|0.43966929195564486|0.12808474780305754|0.4668510139098375|0.4659990026595748
234|235|185|518|543|141|510|512|376|351|0.12401810747663553|0.15491238317757008|0.105830937320299|0.45978805553273683|0.43969472797078385|0.12856496152105026|0.46688360450563243|0.46602721133474595
235|236|185|520|545|141|512|513|376|351|0.12405957943925236|0.15494684579439233|0.10600091617040769|0.4581812255541074|0.4382301707118806|0.1282906599350884|0.46524099576271233|0.4652782918383631
236|237|185|520|545|142|512|513|376|351|0.1241039719626168|0.15498364485981306|0.10603261489337433|0.4583333333333335|0.4383702104695095|0.1280085576751649|0.4653958992616034|0.46542827657378777
237|238|185|520|545|142|513|513|376|351|0.1241209112149533|0.15500642523364483|0.1061094708153531|0.45837104072398216|0.43840159686768215|0.12818084980471048|0.46454371222173096|0.4654628202304923
238|239|186|520|545|141|513|513|376|351|0.12415712616822422|0.15501693925233637|0.10565978314662336|0.4584728033472804|0.4384938837920489|0.12875752989702954|0.46462273769034396|0.46553768680961677
239|240|187|521|546|141|513|513|376|351|0.12419100467289725|0.1550846962616823|0.10514705882352939|0.45776551503518903|0.4378505312115276|0.12887115839243501|0.46479044834308025|0.4657009050981538
240|241|190|523|548|141|514|514|376|351|0.12421962616822423|0.15511331775700937|0.10382179515177964|0.4561062494545516|0.43633498220425854|0.1290721285424205|0.4639795275844813|0.4648840724185613
241|242|190|524|549|142|515|515|376|351|0.1242447429906542|0.15513492990654212|0.10419747716398439|0.45533404832502666|0.4356293148035711|0.12850657664998258|0.46318703361951374|0.46408566063366474
242|243|193|525|550|143|516|516|376|351|0.12426460280373823|0.15520502336448608|0.10279536877118915|0.4546031746031747|0.4349627421758567|0.12794612794612792|0.462428621558682|0.4633212606430293
243|244|195|525|550|143|517|517|376|351|0.12433119158878504|0.15522780373831785|0.10226986128625469|0.45476971116315357|0.43511688311688246|0.12859681302304246|0.4617195674921519|0.4626060869221959
244|245|196|526|551|142|517|517|376|351|0.12432067757009341|0.15524824766355141|0.10233236151603499|0.4538992783425156|0.4343175010697477|0.12954872089680947|0.46170607507993533|0.46258904561966346
245|246|196|526|551|143|518|518|376|351|0.12440070093457956|0.15531892523364482|0.10293263646922178|0.4541639617917093|0.43456505286670505|0.12917164136676337|0.46109175377468076|0.4619683303893828
246|247|198|529|553|144|518|518|376|351|0.12442348130841119|0.15533878504672907|0.10184844395370708|0.4516427756901337|0.43304118299014155|0.12862685560053977|0.46112422428211863|0.4619971353842321
247|248|199|530|553|147|519|519|376|351|0.12443633177570104|0.1553767523364486|0.10161695574647418|0.4508673158855749|0.43311038003732866|0.12727671713846822|0.46032226987382663|0.46118965263752526
248|249|200|531|554|148|519|519|376|351|0.12449474299065416|0.15542581775700942|0.10152610441767067|0.45021517331094624|0.4325126353790617|0.12721154889829592|0.4605009633911367|0.46136416184971146
249|250|204|534|557|148|519|520|376|352|0.12451051401869151|0.15547838785046744|0.09986274509803915|0.4478052434456931|0.4302931898975018|0.12751351351351342|0.46059344894027004|0.4605884155684957
